PROLIFIC_ID,condition_recode,aggregated_value,choice,chunk
568d286ab5a2c2000cb6a91c,1,1,1.0,1
568d286ab5a2c2000cb6a91c,1,-1,1.0,2
568d286ab5a2c2000cb6a91c,1,1,1.0,3
568d286ab5a2c2000cb6a91c,1,1,1.0,4
568d286ab5a2c2000cb6a91c,1,1,1.0,5
568d286ab5a2c2000cb6a91c,1,1,1.0,6
568d286ab5a2c2000cb6a91c,1,1,1.0,7
568d286ab5a2c2000cb6a91c,1,1,1.0,8
568d286ab5a2c2000cb6a91c,1,1,1.0,9
568d286ab5a2c2000cb6a91c,1,1,1.0,10
568d286ab5a2c2000cb6a91c,1,1,1.0,11
568d286ab5a2c2000cb6a91c,1,-1,1.0,12
595727bd7c76640001aa8f6e,1,-1,0.0,1
595727bd7c76640001aa8f6e,1,1,0.0,2
595727bd7c76640001aa8f6e,1,1,0.0,3
595727bd7c76640001aa8f6e,1,1,0.0,4
595727bd7c76640001aa8f6e,1,1,1.0,5
595727bd7c76640001aa8f6e,1,1,1.0,6
595727bd7c76640001aa8f6e,1,1,0.0,7
595727bd7c76640001aa8f6e,1,1,1.0,8
595727bd7c76640001aa8f6e,1,1,0.0,9
595727bd7c76640001aa8f6e,1,1,0.0,10
595727bd7c76640001aa8f6e,1,1,0.0,11
595727bd7c76640001aa8f6e,1,-1,0.0,12
5a4636c92f91ec0001dcba07,1,1,999.0,1
5a4636c92f91ec0001dcba07,1,-1,0.0,2
5a4636c92f91ec0001dcba07,1,1,1.0,3
5a4636c92f91ec0001dcba07,1,1,0.0,4
5a4636c92f91ec0001dcba07,1,-1,0.0,5
5a4636c92f91ec0001dcba07,1,1,0.0,6
5a4636c92f91ec0001dcba07,1,1,0.0,7
5a4636c92f91ec0001dcba07,1,1,0.0,8
5a4636c92f91ec0001dcba07,1,1,0.0,9
5a4636c92f91ec0001dcba07,1,1,0.0,10
5a4636c92f91ec0001dcba07,1,1,0.0,11
5a4636c92f91ec0001dcba07,1,-1,0.0,12
5ad2c8334d061300011b1985,1,1,0.0,1
5ad2c8334d061300011b1985,1,1,0.0,2
5ad2c8334d061300011b1985,1,1,1.0,3
5ad2c8334d061300011b1985,1,1,0.0,4
5ad2c8334d061300011b1985,1,1,1.0,5
5ad2c8334d061300011b1985,1,-1,1.0,6
5ad2c8334d061300011b1985,1,1,0.0,7
5ad2c8334d061300011b1985,1,1,0.0,8
5ad2c8334d061300011b1985,1,-1,1.0,9
5ad2c8334d061300011b1985,1,1,1.0,10
5ad2c8334d061300011b1985,1,1,1.0,11
5ad2c8334d061300011b1985,1,-1,0.0,12
5adef850eb60400001539109,1,-1,1.0,1
5adef850eb60400001539109,1,1,1.0,2
5adef850eb60400001539109,1,1,1.0,3
5adef850eb60400001539109,1,1,1.0,4
5adef850eb60400001539109,1,1,1.0,5
5adef850eb60400001539109,1,1,1.0,6
5adef850eb60400001539109,1,1,1.0,7
5adef850eb60400001539109,1,1,999.0,8
5adef850eb60400001539109,1,1,1.0,9
5adef850eb60400001539109,1,1,1.0,10
5adef850eb60400001539109,1,-1,1.0,11
5adef850eb60400001539109,1,1,1.0,12
5aec7e89ae13140001fc0cdf,1,1,1.0,1
5aec7e89ae13140001fc0cdf,1,1,0.0,2
5aec7e89ae13140001fc0cdf,1,1,0.0,3
5aec7e89ae13140001fc0cdf,1,1,0.0,4
5aec7e89ae13140001fc0cdf,1,1,1.0,5
5aec7e89ae13140001fc0cdf,1,1,0.0,6
5aec7e89ae13140001fc0cdf,1,1,0.0,7
5aec7e89ae13140001fc0cdf,1,1,0.0,8
5aec7e89ae13140001fc0cdf,1,1,0.0,9
5aec7e89ae13140001fc0cdf,1,1,1.0,10
5aec7e89ae13140001fc0cdf,1,1,1.0,11
5aec7e89ae13140001fc0cdf,1,-1,0.0,12
5b6c312fa1fda800015fe165,1,1,999.0,1
5b6c312fa1fda800015fe165,1,-1,1.0,2
5b6c312fa1fda800015fe165,1,1,1.0,3
5b6c312fa1fda800015fe165,1,1,1.0,4
5b6c312fa1fda800015fe165,1,1,1.0,5
5b6c312fa1fda800015fe165,1,1,1.0,6
5b6c312fa1fda800015fe165,1,-1,1.0,7
5b6c312fa1fda800015fe165,1,1,1.0,8
5b6c312fa1fda800015fe165,1,1,1.0,9
5b6c312fa1fda800015fe165,1,-1,1.0,10
5b6c312fa1fda800015fe165,1,1,1.0,11
5b6c312fa1fda800015fe165,1,1,1.0,12
5bcc60b95c2b810001dc68e2,1,-1,0.0,1
5bcc60b95c2b810001dc68e2,1,1,0.0,2
5bcc60b95c2b810001dc68e2,1,1,0.0,3
5bcc60b95c2b810001dc68e2,1,1,0.0,4
5bcc60b95c2b810001dc68e2,1,1,0.0,5
5bcc60b95c2b810001dc68e2,1,1,0.0,6
5bcc60b95c2b810001dc68e2,1,1,999.0,7
5bcc60b95c2b810001dc68e2,1,-1,0.0,8
5bcc60b95c2b810001dc68e2,1,1,0.0,9
5bcc60b95c2b810001dc68e2,1,1,0.0,10
5bcc60b95c2b810001dc68e2,1,1,0.0,11
5bcc60b95c2b810001dc68e2,1,1,0.0,12
5c1c74700036a80001193c24,1,-1,999.0,1
5c1c74700036a80001193c24,1,1,1.0,2
5c1c74700036a80001193c24,1,-1,0.0,3
5c1c74700036a80001193c24,1,-1,0.0,4
5c1c74700036a80001193c24,1,1,0.0,5
5c1c74700036a80001193c24,1,1,0.0,6
5c1c74700036a80001193c24,1,1,1.0,7
5c1c74700036a80001193c24,1,1,1.0,8
5c1c74700036a80001193c24,1,1,1.0,9
5c1c74700036a80001193c24,1,1,1.0,10
5c1c74700036a80001193c24,1,1,0.0,11
5c1c74700036a80001193c24,1,-1,1.0,12
5c1edaeaafeeef00011588b3,1,1,999.0,1
5c1edaeaafeeef00011588b3,1,1,0.0,2
5c1edaeaafeeef00011588b3,1,-1,1.0,3
5c1edaeaafeeef00011588b3,1,-1,1.0,4
5c1edaeaafeeef00011588b3,1,1,0.0,5
5c1edaeaafeeef00011588b3,1,1,1.0,6
5c1edaeaafeeef00011588b3,1,1,1.0,7
5c1edaeaafeeef00011588b3,1,1,0.0,8
5c1edaeaafeeef00011588b3,1,1,1.0,9
5c1edaeaafeeef00011588b3,1,1,1.0,10
5c1edaeaafeeef00011588b3,1,1,1.0,11
5c1edaeaafeeef00011588b3,1,1,1.0,12
5c3272172f0f3500010284c0,1,1,999.0,1
5c3272172f0f3500010284c0,1,1,999.0,2
5c3272172f0f3500010284c0,1,-1,999.0,3
5c3272172f0f3500010284c0,1,1,999.0,4
5c3272172f0f3500010284c0,1,1,999.0,5
5c3272172f0f3500010284c0,1,1,999.0,6
5c3272172f0f3500010284c0,1,1,0.0,7
5c3272172f0f3500010284c0,1,1,0.0,8
5c3272172f0f3500010284c0,1,1,1.0,9
5c3272172f0f3500010284c0,1,1,0.0,10
5c3272172f0f3500010284c0,1,1,0.0,11
5c3272172f0f3500010284c0,1,1,1.0,12
5cab944b41de360017e2c3db,1,1,1.0,1
5cab944b41de360017e2c3db,1,1,0.0,2
5cab944b41de360017e2c3db,1,1,1.0,3
5cab944b41de360017e2c3db,1,-1,1.0,4
5cab944b41de360017e2c3db,1,1,0.0,5
5cab944b41de360017e2c3db,1,1,1.0,6
5cab944b41de360017e2c3db,1,1,1.0,7
5cab944b41de360017e2c3db,1,1,1.0,8
5cab944b41de360017e2c3db,1,1,0.0,9
5cab944b41de360017e2c3db,1,1,1.0,10
5cab944b41de360017e2c3db,1,-1,0.0,11
5cab944b41de360017e2c3db,1,1,1.0,12
5d55d562e04e1c0001f5e682,1,-1,999.0,1
5d55d562e04e1c0001f5e682,1,1,1.0,2
5d55d562e04e1c0001f5e682,1,1,0.0,3
5d55d562e04e1c0001f5e682,1,-1,0.0,4
5d55d562e04e1c0001f5e682,1,1,0.0,5
5d55d562e04e1c0001f5e682,1,1,0.0,6
5d55d562e04e1c0001f5e682,1,1,0.0,7
5d55d562e04e1c0001f5e682,1,1,0.0,8
5d55d562e04e1c0001f5e682,1,1,0.0,9
5d55d562e04e1c0001f5e682,1,1,0.0,10
5d55d562e04e1c0001f5e682,1,1,0.0,11
5d55d562e04e1c0001f5e682,1,1,0.0,12
5dcb685070d51c8275d7bd54,1,1,1.0,1
5dcb685070d51c8275d7bd54,1,1,1.0,2
5dcb685070d51c8275d7bd54,1,1,1.0,3
5dcb685070d51c8275d7bd54,1,1,1.0,4
5dcb685070d51c8275d7bd54,1,-1,1.0,5
5dcb685070d51c8275d7bd54,1,1,1.0,6
5dcb685070d51c8275d7bd54,1,1,1.0,7
5dcb685070d51c8275d7bd54,1,-1,1.0,8
5dcb685070d51c8275d7bd54,1,1,1.0,9
5dcb685070d51c8275d7bd54,1,1,1.0,10
5dcb685070d51c8275d7bd54,1,1,1.0,11
5dcb685070d51c8275d7bd54,1,1,1.0,12
5dee8ee31255595293a9906b,1,1,0.0,1
5dee8ee31255595293a9906b,1,1,0.0,2
5dee8ee31255595293a9906b,1,-1,0.0,3
5dee8ee31255595293a9906b,1,1,0.0,4
5dee8ee31255595293a9906b,1,1,0.0,5
5dee8ee31255595293a9906b,1,1,0.0,6
5dee8ee31255595293a9906b,1,1,0.0,7
5dee8ee31255595293a9906b,1,1,0.0,8
5dee8ee31255595293a9906b,1,1,0.0,9
5dee8ee31255595293a9906b,1,1,999.0,10
5dee8ee31255595293a9906b,1,1,0.0,11
5dee8ee31255595293a9906b,1,1,0.0,12
5ec75df0d799ae1c11a8115c,1,1,999.0,1
5ec75df0d799ae1c11a8115c,1,1,1.0,2
5ec75df0d799ae1c11a8115c,1,1,1.0,3
5ec75df0d799ae1c11a8115c,1,1,0.0,4
5ec75df0d799ae1c11a8115c,1,1,0.0,5
5ec75df0d799ae1c11a8115c,1,1,0.0,6
5ec75df0d799ae1c11a8115c,1,1,0.0,7
5ec75df0d799ae1c11a8115c,1,1,0.0,8
5ec75df0d799ae1c11a8115c,1,1,0.0,9
5ec75df0d799ae1c11a8115c,1,1,0.0,10
5ec75df0d799ae1c11a8115c,1,1,0.0,11
5ec75df0d799ae1c11a8115c,1,1,0.0,12
5eefc651cb94ad4c4d017b86,1,1,0.0,1
5eefc651cb94ad4c4d017b86,1,-1,0.0,2
5eefc651cb94ad4c4d017b86,1,1,1.0,3
5eefc651cb94ad4c4d017b86,1,1,1.0,4
5eefc651cb94ad4c4d017b86,1,1,1.0,5
5eefc651cb94ad4c4d017b86,1,1,0.0,6
5eefc651cb94ad4c4d017b86,1,1,999.0,7
5eefc651cb94ad4c4d017b86,1,1,0.0,8
5eefc651cb94ad4c4d017b86,1,1,0.0,9
5eefc651cb94ad4c4d017b86,1,-1,0.0,10
5eefc651cb94ad4c4d017b86,1,1,1.0,11
5eefc651cb94ad4c4d017b86,1,1,0.0,12
5f16f559325a640008bb9a07,1,1,999.0,1
5f16f559325a640008bb9a07,1,1,1.0,2
5f16f559325a640008bb9a07,1,1,1.0,3
5f16f559325a640008bb9a07,1,1,1.0,4
5f16f559325a640008bb9a07,1,1,1.0,5
5f16f559325a640008bb9a07,1,1,1.0,6
5f16f559325a640008bb9a07,1,-1,1.0,7
5f16f559325a640008bb9a07,1,1,1.0,8
5f16f559325a640008bb9a07,1,1,1.0,9
5f16f559325a640008bb9a07,1,1,1.0,10
5f16f559325a640008bb9a07,1,-1,1.0,11
5f16f559325a640008bb9a07,1,1,1.0,12
5f32bc368853aa03df112fc6,1,1,999.0,1
5f32bc368853aa03df112fc6,1,1,999.0,2
5f32bc368853aa03df112fc6,1,-1,1.0,3
5f32bc368853aa03df112fc6,1,1,1.0,4
5f32bc368853aa03df112fc6,1,1,1.0,5
5f32bc368853aa03df112fc6,1,1,1.0,6
5f32bc368853aa03df112fc6,1,1,1.0,7
5f32bc368853aa03df112fc6,1,1,1.0,8
5f32bc368853aa03df112fc6,1,1,1.0,9
5f32bc368853aa03df112fc6,1,1,1.0,10
5f32bc368853aa03df112fc6,1,-1,1.0,11
5f32bc368853aa03df112fc6,1,1,1.0,12
5f985596be2ea910b23827ed,1,1,999.0,1
5f985596be2ea910b23827ed,1,1,0.0,2
5f985596be2ea910b23827ed,1,1,0.0,3
5f985596be2ea910b23827ed,1,1,0.0,4
5f985596be2ea910b23827ed,1,1,0.0,5
5f985596be2ea910b23827ed,1,1,0.0,6
5f985596be2ea910b23827ed,1,1,0.0,7
5f985596be2ea910b23827ed,1,-1,0.0,8
5f985596be2ea910b23827ed,1,1,0.0,9
5f985596be2ea910b23827ed,1,1,0.0,10
5f985596be2ea910b23827ed,1,1,0.0,11
5f985596be2ea910b23827ed,1,1,0.0,12
5f9873550513db147c9d2958,1,1,1.0,1
5f9873550513db147c9d2958,1,1,1.0,2
5f9873550513db147c9d2958,1,1,1.0,3
5f9873550513db147c9d2958,1,-1,0.0,4
5f9873550513db147c9d2958,1,1,1.0,5
5f9873550513db147c9d2958,1,1,1.0,6
5f9873550513db147c9d2958,1,1,0.0,7
5f9873550513db147c9d2958,1,1,1.0,8
5f9873550513db147c9d2958,1,1,1.0,9
5f9873550513db147c9d2958,1,1,0.0,10
5f9873550513db147c9d2958,1,1,0.0,11
5f9873550513db147c9d2958,1,1,0.0,12
5fd18d125e1f92195b1717bc,1,-1,999.0,1
5fd18d125e1f92195b1717bc,1,1,0.0,2
5fd18d125e1f92195b1717bc,1,1,1.0,3
5fd18d125e1f92195b1717bc,1,1,0.0,4
5fd18d125e1f92195b1717bc,1,1,1.0,5
5fd18d125e1f92195b1717bc,1,1,0.0,6
5fd18d125e1f92195b1717bc,1,1,1.0,7
5fd18d125e1f92195b1717bc,1,1,0.0,8
5fd18d125e1f92195b1717bc,1,1,0.0,9
5fd18d125e1f92195b1717bc,1,-1,0.0,10
5fd18d125e1f92195b1717bc,1,1,0.0,11
5fd18d125e1f92195b1717bc,1,1,0.0,12
5ff27bb4ad8fba794c1b96fa,1,-1,0.0,1
5ff27bb4ad8fba794c1b96fa,1,1,0.0,2
5ff27bb4ad8fba794c1b96fa,1,1,0.0,3
5ff27bb4ad8fba794c1b96fa,1,1,0.0,4
5ff27bb4ad8fba794c1b96fa,1,1,0.0,5
5ff27bb4ad8fba794c1b96fa,1,1,0.0,6
5ff27bb4ad8fba794c1b96fa,1,1,0.0,7
5ff27bb4ad8fba794c1b96fa,1,1,0.0,8
5ff27bb4ad8fba794c1b96fa,1,1,0.0,9
5ff27bb4ad8fba794c1b96fa,1,-1,0.0,10
5ff27bb4ad8fba794c1b96fa,1,1,0.0,11
5ff27bb4ad8fba794c1b96fa,1,1,0.0,12
6056bcf1cee7a41435889255,1,1,0.0,1
6056bcf1cee7a41435889255,1,1,0.0,2
6056bcf1cee7a41435889255,1,1,0.0,3
6056bcf1cee7a41435889255,1,1,0.0,4
6056bcf1cee7a41435889255,1,1,0.0,5
6056bcf1cee7a41435889255,1,-1,0.0,6
6056bcf1cee7a41435889255,1,1,0.0,7
6056bcf1cee7a41435889255,1,1,0.0,8
6056bcf1cee7a41435889255,1,1,0.0,9
6056bcf1cee7a41435889255,1,1,0.0,10
6056bcf1cee7a41435889255,1,1,0.0,11
6056bcf1cee7a41435889255,1,1,0.0,12
605b5b5feff0e95f2cd60834,1,1,1.0,1
605b5b5feff0e95f2cd60834,1,1,1.0,2
605b5b5feff0e95f2cd60834,1,-1,1.0,3
605b5b5feff0e95f2cd60834,1,1,1.0,4
605b5b5feff0e95f2cd60834,1,-1,1.0,5
605b5b5feff0e95f2cd60834,1,1,1.0,6
605b5b5feff0e95f2cd60834,1,1,0.0,7
605b5b5feff0e95f2cd60834,1,1,0.0,8
605b5b5feff0e95f2cd60834,1,1,1.0,9
605b5b5feff0e95f2cd60834,1,1,0.0,10
605b5b5feff0e95f2cd60834,1,-1,0.0,11
605b5b5feff0e95f2cd60834,1,1,0.0,12
608209b96e955ba5201eff25,1,1,999.0,1
608209b96e955ba5201eff25,1,-1,1.0,2
608209b96e955ba5201eff25,1,1,1.0,3
608209b96e955ba5201eff25,1,1,1.0,4
608209b96e955ba5201eff25,1,1,1.0,5
608209b96e955ba5201eff25,1,1,1.0,6
608209b96e955ba5201eff25,1,1,1.0,7
608209b96e955ba5201eff25,1,1,1.0,8
608209b96e955ba5201eff25,1,-1,1.0,9
608209b96e955ba5201eff25,1,1,1.0,10
608209b96e955ba5201eff25,1,1,1.0,11
608209b96e955ba5201eff25,1,1,1.0,12
60bff9298f56d55c8ecd9adf,1,1,1.0,1
60bff9298f56d55c8ecd9adf,1,1,0.0,2
60bff9298f56d55c8ecd9adf,1,1,0.0,3
60bff9298f56d55c8ecd9adf,1,-1,1.0,4
60bff9298f56d55c8ecd9adf,1,1,1.0,5
60bff9298f56d55c8ecd9adf,1,-1,1.0,6
60bff9298f56d55c8ecd9adf,1,-1,1.0,7
60bff9298f56d55c8ecd9adf,1,1,1.0,8
60bff9298f56d55c8ecd9adf,1,1,0.0,9
60bff9298f56d55c8ecd9adf,1,1,0.0,10
60bff9298f56d55c8ecd9adf,1,1,1.0,11
60bff9298f56d55c8ecd9adf,1,1,1.0,12
60d2b326161a622cd363268a,1,-1,1.0,1
60d2b326161a622cd363268a,1,1,0.0,2
60d2b326161a622cd363268a,1,1,0.0,3
60d2b326161a622cd363268a,1,1,0.0,4
60d2b326161a622cd363268a,1,1,1.0,5
60d2b326161a622cd363268a,1,1,0.0,6
60d2b326161a622cd363268a,1,-1,0.0,7
60d2b326161a622cd363268a,1,1,0.0,8
60d2b326161a622cd363268a,1,1,0.0,9
60d2b326161a622cd363268a,1,1,1.0,10
60d2b326161a622cd363268a,1,1,0.0,11
60d2b326161a622cd363268a,1,1,0.0,12
60dbf4d94a3b5564b68881e8,1,1,999.0,1
60dbf4d94a3b5564b68881e8,1,1,0.0,2
60dbf4d94a3b5564b68881e8,1,1,0.0,3
60dbf4d94a3b5564b68881e8,1,1,0.0,4
60dbf4d94a3b5564b68881e8,1,1,0.0,5
60dbf4d94a3b5564b68881e8,1,-1,0.0,6
60dbf4d94a3b5564b68881e8,1,1,0.0,7
60dbf4d94a3b5564b68881e8,1,-1,0.0,8
60dbf4d94a3b5564b68881e8,1,1,0.0,9
60dbf4d94a3b5564b68881e8,1,1,0.0,10
60dbf4d94a3b5564b68881e8,1,1,0.0,11
60dbf4d94a3b5564b68881e8,1,1,0.0,12
60ea57c074a703877f04330b,1,1,999.0,1
60ea57c074a703877f04330b,1,1,1.0,2
60ea57c074a703877f04330b,1,-1,1.0,3
60ea57c074a703877f04330b,1,-1,1.0,4
60ea57c074a703877f04330b,1,1,1.0,5
60ea57c074a703877f04330b,1,1,1.0,6
60ea57c074a703877f04330b,1,1,0.0,7
60ea57c074a703877f04330b,1,1,0.0,8
60ea57c074a703877f04330b,1,1,0.0,9
60ea57c074a703877f04330b,1,1,0.0,10
60ea57c074a703877f04330b,1,1,0.0,11
60ea57c074a703877f04330b,1,1,0.0,12
60ef2700e476748689a999f7,1,1,1.0,1
60ef2700e476748689a999f7,1,1,1.0,2
60ef2700e476748689a999f7,1,1,1.0,3
60ef2700e476748689a999f7,1,1,1.0,4
60ef2700e476748689a999f7,1,1,1.0,5
60ef2700e476748689a999f7,1,1,1.0,6
60ef2700e476748689a999f7,1,1,1.0,7
60ef2700e476748689a999f7,1,1,999.0,8
60ef2700e476748689a999f7,1,-1,1.0,9
60ef2700e476748689a999f7,1,1,1.0,10
60ef2700e476748689a999f7,1,1,1.0,11
60ef2700e476748689a999f7,1,1,1.0,12
60f4e3ab507bbb123f866e88,1,1,999.0,1
60f4e3ab507bbb123f866e88,1,-1,1.0,2
60f4e3ab507bbb123f866e88,1,1,0.0,3
60f4e3ab507bbb123f866e88,1,1,1.0,4
60f4e3ab507bbb123f866e88,1,1,0.0,5
60f4e3ab507bbb123f866e88,1,1,0.0,6
60f4e3ab507bbb123f866e88,1,1,0.0,7
60f4e3ab507bbb123f866e88,1,-1,0.0,8
60f4e3ab507bbb123f866e88,1,1,0.0,9
60f4e3ab507bbb123f866e88,1,1,0.0,10
60f4e3ab507bbb123f866e88,1,1,0.0,11
60f4e3ab507bbb123f866e88,1,1,0.0,12
60fcebba7345a976efc9c080,1,1,0.0,1
60fcebba7345a976efc9c080,1,-1,0.0,2
60fcebba7345a976efc9c080,1,1,1.0,3
60fcebba7345a976efc9c080,1,1,0.0,4
60fcebba7345a976efc9c080,1,1,1.0,5
60fcebba7345a976efc9c080,1,1,0.0,6
60fcebba7345a976efc9c080,1,1,0.0,7
60fcebba7345a976efc9c080,1,1,0.0,8
60fcebba7345a976efc9c080,1,1,0.0,9
60fcebba7345a976efc9c080,1,-1,0.0,10
60fcebba7345a976efc9c080,1,1,0.0,11
60fcebba7345a976efc9c080,1,1,999.0,12
60fd56db5fe37ebeca00bc83,1,-1,1.0,1
60fd56db5fe37ebeca00bc83,1,1,1.0,2
60fd56db5fe37ebeca00bc83,1,1,1.0,3
60fd56db5fe37ebeca00bc83,1,1,1.0,4
60fd56db5fe37ebeca00bc83,1,1,1.0,5
60fd56db5fe37ebeca00bc83,1,1,1.0,6
60fd56db5fe37ebeca00bc83,1,1,1.0,7
60fd56db5fe37ebeca00bc83,1,-1,0.0,8
60fd56db5fe37ebeca00bc83,1,1,1.0,9
60fd56db5fe37ebeca00bc83,1,1,1.0,10
60fd56db5fe37ebeca00bc83,1,1,1.0,11
60fd56db5fe37ebeca00bc83,1,1,1.0,12
60fd5a99c4e4ead0c9a6fff4,1,1,999.0,1
60fd5a99c4e4ead0c9a6fff4,1,1,1.0,2
60fd5a99c4e4ead0c9a6fff4,1,1,1.0,3
60fd5a99c4e4ead0c9a6fff4,1,1,1.0,4
60fd5a99c4e4ead0c9a6fff4,1,1,1.0,5
60fd5a99c4e4ead0c9a6fff4,1,1,1.0,6
60fd5a99c4e4ead0c9a6fff4,1,1,1.0,7
60fd5a99c4e4ead0c9a6fff4,1,1,1.0,8
60fd5a99c4e4ead0c9a6fff4,1,1,1.0,9
60fd5a99c4e4ead0c9a6fff4,1,1,1.0,10
60fd5a99c4e4ead0c9a6fff4,1,1,1.0,11
60fd5a99c4e4ead0c9a6fff4,1,1,1.0,12
60fd80b85dd6b22f66d16822,1,1,999.0,1
60fd80b85dd6b22f66d16822,1,1,0.0,2
60fd80b85dd6b22f66d16822,1,-1,1.0,3
60fd80b85dd6b22f66d16822,1,1,0.0,4
60fd80b85dd6b22f66d16822,1,1,0.0,5
60fd80b85dd6b22f66d16822,1,1,0.0,6
60fd80b85dd6b22f66d16822,1,1,0.0,7
60fd80b85dd6b22f66d16822,1,1,0.0,8
60fd80b85dd6b22f66d16822,1,1,0.0,9
60fd80b85dd6b22f66d16822,1,1,0.0,10
60fd80b85dd6b22f66d16822,1,1,0.0,11
60fd80b85dd6b22f66d16822,1,-1,0.0,12
60fd89617258b322c92fdd03,1,1,1.0,1
60fd89617258b322c92fdd03,1,1,1.0,2
60fd89617258b322c92fdd03,1,-1,1.0,3
60fd89617258b322c92fdd03,1,1,1.0,4
60fd89617258b322c92fdd03,1,1,1.0,5
60fd89617258b322c92fdd03,1,1,1.0,6
60fd89617258b322c92fdd03,1,1,1.0,7
60fd89617258b322c92fdd03,1,1,1.0,8
60fd89617258b322c92fdd03,1,1,1.0,9
60fd89617258b322c92fdd03,1,1,1.0,10
60fd89617258b322c92fdd03,1,1,1.0,11
60fd89617258b322c92fdd03,1,1,1.0,12
60fdb9ec6c3006abe82e5182,1,-1,999.0,1
60fdb9ec6c3006abe82e5182,1,1,1.0,2
60fdb9ec6c3006abe82e5182,1,1,0.0,3
60fdb9ec6c3006abe82e5182,1,1,1.0,4
60fdb9ec6c3006abe82e5182,1,1,1.0,5
60fdb9ec6c3006abe82e5182,1,1,1.0,6
60fdb9ec6c3006abe82e5182,1,1,1.0,7
60fdb9ec6c3006abe82e5182,1,-1,1.0,8
60fdb9ec6c3006abe82e5182,1,-1,1.0,9
60fdb9ec6c3006abe82e5182,1,1,0.0,10
60fdb9ec6c3006abe82e5182,1,1,1.0,11
60fdb9ec6c3006abe82e5182,1,1,999.0,12
60fec21e36a05990cfa8a715,1,1,0.0,1
60fec21e36a05990cfa8a715,1,1,0.0,2
60fec21e36a05990cfa8a715,1,1,0.0,3
60fec21e36a05990cfa8a715,1,1,0.0,4
60fec21e36a05990cfa8a715,1,1,0.0,5
60fec21e36a05990cfa8a715,1,1,0.0,6
60fec21e36a05990cfa8a715,1,-1,0.0,7
60fec21e36a05990cfa8a715,1,1,0.0,8
60fec21e36a05990cfa8a715,1,1,0.0,9
60fec21e36a05990cfa8a715,1,1,0.0,10
60fec21e36a05990cfa8a715,1,1,0.0,11
60fec21e36a05990cfa8a715,1,-1,0.0,12
60ff33eea57872b7188f12e2,1,1,999.0,1
60ff33eea57872b7188f12e2,1,1,0.0,2
60ff33eea57872b7188f12e2,1,1,0.0,3
60ff33eea57872b7188f12e2,1,1,0.0,4
60ff33eea57872b7188f12e2,1,1,0.0,5
60ff33eea57872b7188f12e2,1,1,0.0,6
60ff33eea57872b7188f12e2,1,1,0.0,7
60ff33eea57872b7188f12e2,1,1,0.0,8
60ff33eea57872b7188f12e2,1,1,0.0,9
60ff33eea57872b7188f12e2,1,1,0.0,10
60ff33eea57872b7188f12e2,1,1,0.0,11
60ff33eea57872b7188f12e2,1,1,0.0,12
60ff830d7a7cce48e1787ba2,1,1,1.0,1
60ff830d7a7cce48e1787ba2,1,1,1.0,2
60ff830d7a7cce48e1787ba2,1,1,1.0,3
60ff830d7a7cce48e1787ba2,1,-1,1.0,4
60ff830d7a7cce48e1787ba2,1,1,1.0,5
60ff830d7a7cce48e1787ba2,1,1,1.0,6
60ff830d7a7cce48e1787ba2,1,1,1.0,7
60ff830d7a7cce48e1787ba2,1,1,1.0,8
60ff830d7a7cce48e1787ba2,1,1,1.0,9
60ff830d7a7cce48e1787ba2,1,1,1.0,10
60ff830d7a7cce48e1787ba2,1,1,1.0,11
60ff830d7a7cce48e1787ba2,1,1,1.0,12
610024bfd6e1038ba3b1601d,1,1,999.0,1
610024bfd6e1038ba3b1601d,1,1,1.0,2
610024bfd6e1038ba3b1601d,1,1,1.0,3
610024bfd6e1038ba3b1601d,1,-1,1.0,4
610024bfd6e1038ba3b1601d,1,1,1.0,5
610024bfd6e1038ba3b1601d,1,1,1.0,6
610024bfd6e1038ba3b1601d,1,1,1.0,7
610024bfd6e1038ba3b1601d,1,1,1.0,8
610024bfd6e1038ba3b1601d,1,1,1.0,9
610024bfd6e1038ba3b1601d,1,1,1.0,10
610024bfd6e1038ba3b1601d,1,1,1.0,11
610024bfd6e1038ba3b1601d,1,1,1.0,12
6100652c5329da76a962cdb3,1,1,999.0,1
6100652c5329da76a962cdb3,1,1,1.0,2
6100652c5329da76a962cdb3,1,1,1.0,3
6100652c5329da76a962cdb3,1,1,1.0,4
6100652c5329da76a962cdb3,1,-1,1.0,5
6100652c5329da76a962cdb3,1,-1,1.0,6
6100652c5329da76a962cdb3,1,1,1.0,7
6100652c5329da76a962cdb3,1,1,1.0,8
6100652c5329da76a962cdb3,1,1,1.0,9
6100652c5329da76a962cdb3,1,1,1.0,10
6100652c5329da76a962cdb3,1,-1,1.0,11
6100652c5329da76a962cdb3,1,1,1.0,12
61006614d4c56450afce3a6b,1,1,1.0,1
61006614d4c56450afce3a6b,1,1,1.0,2
61006614d4c56450afce3a6b,1,1,1.0,3
61006614d4c56450afce3a6b,1,-1,1.0,4
61006614d4c56450afce3a6b,1,1,1.0,5
61006614d4c56450afce3a6b,1,1,1.0,6
61006614d4c56450afce3a6b,1,1,1.0,7
61006614d4c56450afce3a6b,1,-1,1.0,8
61006614d4c56450afce3a6b,1,1,1.0,9
61006614d4c56450afce3a6b,1,1,1.0,10
61006614d4c56450afce3a6b,1,1,1.0,11
61006614d4c56450afce3a6b,1,1,1.0,12
61006f43a84b82fb439d7cba,1,1,1.0,1
61006f43a84b82fb439d7cba,1,1,1.0,2
61006f43a84b82fb439d7cba,1,-1,1.0,3
61006f43a84b82fb439d7cba,1,1,1.0,4
61006f43a84b82fb439d7cba,1,1,1.0,5
61006f43a84b82fb439d7cba,1,1,1.0,6
61006f43a84b82fb439d7cba,1,1,1.0,7
61006f43a84b82fb439d7cba,1,1,1.0,8
61006f43a84b82fb439d7cba,1,1,1.0,9
61006f43a84b82fb439d7cba,1,1,1.0,10
61006f43a84b82fb439d7cba,1,1,1.0,11
61006f43a84b82fb439d7cba,1,1,1.0,12
610247cdbc9b348fd6601cb3,1,1,999.0,1
610247cdbc9b348fd6601cb3,1,1,1.0,2
610247cdbc9b348fd6601cb3,1,1,0.0,3
610247cdbc9b348fd6601cb3,1,1,1.0,4
610247cdbc9b348fd6601cb3,1,1,1.0,5
610247cdbc9b348fd6601cb3,1,-1,1.0,6
610247cdbc9b348fd6601cb3,1,-1,1.0,7
610247cdbc9b348fd6601cb3,1,1,1.0,8
610247cdbc9b348fd6601cb3,1,1,1.0,9
610247cdbc9b348fd6601cb3,1,1,1.0,10
610247cdbc9b348fd6601cb3,1,1,1.0,11
610247cdbc9b348fd6601cb3,1,1,1.0,12
610367ad785ce86ceb8d201c,1,1,999.0,1
610367ad785ce86ceb8d201c,1,-1,0.0,2
610367ad785ce86ceb8d201c,1,1,0.0,3
610367ad785ce86ceb8d201c,1,1,0.0,4
610367ad785ce86ceb8d201c,1,1,0.0,5
610367ad785ce86ceb8d201c,1,-1,0.0,6
610367ad785ce86ceb8d201c,1,1,0.0,7
610367ad785ce86ceb8d201c,1,1,0.0,8
610367ad785ce86ceb8d201c,1,1,0.0,9
610367ad785ce86ceb8d201c,1,1,0.0,10
610367ad785ce86ceb8d201c,1,-1,0.0,11
610367ad785ce86ceb8d201c,1,1,0.0,12
6107f902de5549cbdf72cbe1,1,1,999.0,1
6107f902de5549cbdf72cbe1,1,1,1.0,2
6107f902de5549cbdf72cbe1,1,1,1.0,3
6107f902de5549cbdf72cbe1,1,1,1.0,4
6107f902de5549cbdf72cbe1,1,-1,0.0,5
6107f902de5549cbdf72cbe1,1,1,1.0,6
6107f902de5549cbdf72cbe1,1,1,1.0,7
6107f902de5549cbdf72cbe1,1,-1,1.0,8
6107f902de5549cbdf72cbe1,1,1,0.0,9
6107f902de5549cbdf72cbe1,1,1,1.0,10
6107f902de5549cbdf72cbe1,1,1,0.0,11
6107f902de5549cbdf72cbe1,1,1,1.0,12
61084dbab48ab21fce452554,1,1,999.0,1
61084dbab48ab21fce452554,1,1,0.0,2
61084dbab48ab21fce452554,1,-1,0.0,3
61084dbab48ab21fce452554,1,1,0.0,4
61084dbab48ab21fce452554,1,1,0.0,5
61084dbab48ab21fce452554,1,1,0.0,6
61084dbab48ab21fce452554,1,1,1.0,7
61084dbab48ab21fce452554,1,1,0.0,8
61084dbab48ab21fce452554,1,1,1.0,9
61084dbab48ab21fce452554,1,1,1.0,10
61084dbab48ab21fce452554,1,-1,1.0,11
61084dbab48ab21fce452554,1,1,1.0,12
6112c911a83cc494df38b468,1,1,999.0,1
6112c911a83cc494df38b468,1,1,0.0,2
6112c911a83cc494df38b468,1,1,1.0,3
6112c911a83cc494df38b468,1,1,1.0,4
6112c911a83cc494df38b468,1,-1,0.0,5
6112c911a83cc494df38b468,1,1,0.0,6
6112c911a83cc494df38b468,1,1,0.0,7
6112c911a83cc494df38b468,1,1,0.0,8
6112c911a83cc494df38b468,1,1,0.0,9
6112c911a83cc494df38b468,1,-1,1.0,10
6112c911a83cc494df38b468,1,1,0.0,11
6112c911a83cc494df38b468,1,1,0.0,12
6112dccad39227e361c13866,1,-1,999.0,1
6112dccad39227e361c13866,1,1,1.0,2
6112dccad39227e361c13866,1,1,1.0,3
6112dccad39227e361c13866,1,1,0.0,4
6112dccad39227e361c13866,1,1,0.0,5
6112dccad39227e361c13866,1,1,0.0,6
6112dccad39227e361c13866,1,1,0.0,7
6112dccad39227e361c13866,1,1,0.0,8
6112dccad39227e361c13866,1,1,0.0,9
6112dccad39227e361c13866,1,1,0.0,10
6112dccad39227e361c13866,1,1,0.0,11
6112dccad39227e361c13866,1,1,0.0,12
6116f60ae8f48f7d1244e8d3,1,1,999.0,1
6116f60ae8f48f7d1244e8d3,1,1,1.0,2
6116f60ae8f48f7d1244e8d3,1,-1,1.0,3
6116f60ae8f48f7d1244e8d3,1,1,0.0,4
6116f60ae8f48f7d1244e8d3,1,1,0.0,5
6116f60ae8f48f7d1244e8d3,1,1,0.0,6
6116f60ae8f48f7d1244e8d3,1,1,0.0,7
6116f60ae8f48f7d1244e8d3,1,1,0.0,8
6116f60ae8f48f7d1244e8d3,1,1,0.0,9
6116f60ae8f48f7d1244e8d3,1,1,0.0,10
6116f60ae8f48f7d1244e8d3,1,1,0.0,11
6116f60ae8f48f7d1244e8d3,1,1,0.0,12
612e6569f68929afb886fb5c,1,1,999.0,1
612e6569f68929afb886fb5c,1,1,1.0,2
612e6569f68929afb886fb5c,1,1,1.0,3
612e6569f68929afb886fb5c,1,1,1.0,4
612e6569f68929afb886fb5c,1,1,1.0,5
612e6569f68929afb886fb5c,1,-1,1.0,6
612e6569f68929afb886fb5c,1,1,1.0,7
612e6569f68929afb886fb5c,1,1,1.0,8
612e6569f68929afb886fb5c,1,1,1.0,9
612e6569f68929afb886fb5c,1,1,1.0,10
612e6569f68929afb886fb5c,1,1,1.0,11
612e6569f68929afb886fb5c,1,-1,1.0,12
61338374ecef87bfdfd1c7bb,1,-1,0.0,1
61338374ecef87bfdfd1c7bb,1,1,0.0,2
61338374ecef87bfdfd1c7bb,1,1,0.0,3
61338374ecef87bfdfd1c7bb,1,1,0.0,4
61338374ecef87bfdfd1c7bb,1,1,0.0,5
61338374ecef87bfdfd1c7bb,1,1,0.0,6
61338374ecef87bfdfd1c7bb,1,1,999.0,7
61338374ecef87bfdfd1c7bb,1,1,999.0,8
61338374ecef87bfdfd1c7bb,1,1,0.0,9
61338374ecef87bfdfd1c7bb,1,1,999.0,10
61338374ecef87bfdfd1c7bb,1,1,0.0,11
61338374ecef87bfdfd1c7bb,1,1,0.0,12
6154a88b71a7f4347658b0f7,1,1,1.0,1
6154a88b71a7f4347658b0f7,1,1,1.0,2
6154a88b71a7f4347658b0f7,1,-1,0.0,3
6154a88b71a7f4347658b0f7,1,1,0.0,4
6154a88b71a7f4347658b0f7,1,1,1.0,5
6154a88b71a7f4347658b0f7,1,1,1.0,6
6154a88b71a7f4347658b0f7,1,1,1.0,7
6154a88b71a7f4347658b0f7,1,-1,0.0,8
6154a88b71a7f4347658b0f7,1,1,0.0,9
6154a88b71a7f4347658b0f7,1,1,1.0,10
6154a88b71a7f4347658b0f7,1,-1,1.0,11
6154a88b71a7f4347658b0f7,1,1,0.0,12
615a084387075364a7462335,1,1,0.0,1
615a084387075364a7462335,1,1,0.0,2
615a084387075364a7462335,1,1,0.0,3
615a084387075364a7462335,1,1,0.0,4
615a084387075364a7462335,1,1,0.0,5
615a084387075364a7462335,1,1,0.0,6
615a084387075364a7462335,1,1,0.0,7
615a084387075364a7462335,1,1,0.0,8
615a084387075364a7462335,1,1,0.0,9
615a084387075364a7462335,1,1,999.0,10
615a084387075364a7462335,1,1,0.0,11
615a084387075364a7462335,1,1,0.0,12
62a1ed3d1357f3e033ae44f9,1,1,0.0,1
62a1ed3d1357f3e033ae44f9,1,1,0.0,2
62a1ed3d1357f3e033ae44f9,1,1,0.0,3
62a1ed3d1357f3e033ae44f9,1,1,0.0,4
62a1ed3d1357f3e033ae44f9,1,1,0.0,5
62a1ed3d1357f3e033ae44f9,1,1,0.0,6
62a1ed3d1357f3e033ae44f9,1,1,0.0,7
62a1ed3d1357f3e033ae44f9,1,1,0.0,8
62a1ed3d1357f3e033ae44f9,1,1,0.0,9
62a1ed3d1357f3e033ae44f9,1,1,0.0,10
62a1ed3d1357f3e033ae44f9,1,1,0.0,11
62a1ed3d1357f3e033ae44f9,1,1,0.0,12
62a885d5b6af18b3d4579e1b,1,1,0.0,1
62a885d5b6af18b3d4579e1b,1,1,0.0,2
62a885d5b6af18b3d4579e1b,1,1,0.0,3
62a885d5b6af18b3d4579e1b,1,1,0.0,4
62a885d5b6af18b3d4579e1b,1,1,0.0,5
62a885d5b6af18b3d4579e1b,1,1,0.0,6
62a885d5b6af18b3d4579e1b,1,1,0.0,7
62a885d5b6af18b3d4579e1b,1,1,0.0,8
62a885d5b6af18b3d4579e1b,1,1,0.0,9
62a885d5b6af18b3d4579e1b,1,1,0.0,10
62a885d5b6af18b3d4579e1b,1,1,0.0,11
62a885d5b6af18b3d4579e1b,1,1,0.0,12
62fb84322433c8d7e890a145,1,1,999.0,1
62fb84322433c8d7e890a145,1,1,0.0,2
62fb84322433c8d7e890a145,1,1,1.0,3
62fb84322433c8d7e890a145,1,-1,0.0,4
62fb84322433c8d7e890a145,1,1,0.0,5
62fb84322433c8d7e890a145,1,1,0.0,6
62fb84322433c8d7e890a145,1,1,0.0,7
62fb84322433c8d7e890a145,1,-1,0.0,8
62fb84322433c8d7e890a145,1,1,0.0,9
62fb84322433c8d7e890a145,1,1,0.0,10
62fb84322433c8d7e890a145,1,1,0.0,11
62fb84322433c8d7e890a145,1,1,0.0,12
630386f64c5bbd56ab1c3b0f,1,1,1.0,1
630386f64c5bbd56ab1c3b0f,1,1,1.0,2
630386f64c5bbd56ab1c3b0f,1,1,1.0,3
630386f64c5bbd56ab1c3b0f,1,1,1.0,4
630386f64c5bbd56ab1c3b0f,1,1,1.0,5
630386f64c5bbd56ab1c3b0f,1,1,1.0,6
630386f64c5bbd56ab1c3b0f,1,-1,1.0,7
630386f64c5bbd56ab1c3b0f,1,1,1.0,8
630386f64c5bbd56ab1c3b0f,1,1,1.0,9
630386f64c5bbd56ab1c3b0f,1,1,1.0,10
630386f64c5bbd56ab1c3b0f,1,1,1.0,11
630386f64c5bbd56ab1c3b0f,1,1,1.0,12
631f3abc8826b6e7e8982648,1,1,999.0,1
631f3abc8826b6e7e8982648,1,1,0.0,2
631f3abc8826b6e7e8982648,1,1,1.0,3
631f3abc8826b6e7e8982648,1,1,0.0,4
631f3abc8826b6e7e8982648,1,1,0.0,5
631f3abc8826b6e7e8982648,1,1,0.0,6
631f3abc8826b6e7e8982648,1,1,0.0,7
631f3abc8826b6e7e8982648,1,1,1.0,8
631f3abc8826b6e7e8982648,1,1,1.0,9
631f3abc8826b6e7e8982648,1,1,1.0,10
631f3abc8826b6e7e8982648,1,1,0.0,11
631f3abc8826b6e7e8982648,1,1,1.0,12
63235c5bf70d8e4f79b205cd,1,1,999.0,1
63235c5bf70d8e4f79b205cd,1,1,1.0,2
63235c5bf70d8e4f79b205cd,1,1,1.0,3
63235c5bf70d8e4f79b205cd,1,1,0.0,4
63235c5bf70d8e4f79b205cd,1,1,0.0,5
63235c5bf70d8e4f79b205cd,1,1,0.0,6
63235c5bf70d8e4f79b205cd,1,1,0.0,7
63235c5bf70d8e4f79b205cd,1,1,0.0,8
63235c5bf70d8e4f79b205cd,1,1,0.0,9
63235c5bf70d8e4f79b205cd,1,1,0.0,10
63235c5bf70d8e4f79b205cd,1,1,0.0,11
63235c5bf70d8e4f79b205cd,1,1,0.0,12
6346da55c3bf67b0dbf06272,1,1,999.0,1
6346da55c3bf67b0dbf06272,1,1,1.0,2
6346da55c3bf67b0dbf06272,1,1,1.0,3
6346da55c3bf67b0dbf06272,1,1,0.0,4
6346da55c3bf67b0dbf06272,1,-1,0.0,5
6346da55c3bf67b0dbf06272,1,1,0.0,6
6346da55c3bf67b0dbf06272,1,-1,0.0,7
6346da55c3bf67b0dbf06272,1,1,0.0,8
6346da55c3bf67b0dbf06272,1,1,0.0,9
6346da55c3bf67b0dbf06272,1,1,0.0,10
6346da55c3bf67b0dbf06272,1,1,0.0,11
6346da55c3bf67b0dbf06272,1,1,0.0,12
63ced670c8d001d1d5057140,1,1,1.0,1
63ced670c8d001d1d5057140,1,1,1.0,2
63ced670c8d001d1d5057140,1,1,1.0,3
63ced670c8d001d1d5057140,1,-1,1.0,4
63ced670c8d001d1d5057140,1,1,1.0,5
63ced670c8d001d1d5057140,1,1,1.0,6
63ced670c8d001d1d5057140,1,1,1.0,7
63ced670c8d001d1d5057140,1,1,999.0,8
63ced670c8d001d1d5057140,1,1,999.0,9
63ced670c8d001d1d5057140,1,1,1.0,10
63ced670c8d001d1d5057140,1,-1,1.0,11
63ced670c8d001d1d5057140,1,-1,1.0,12
63d13e2a6dd3ec4a5f6bff7b,1,1,0.0,1
63d13e2a6dd3ec4a5f6bff7b,1,1,0.0,2
63d13e2a6dd3ec4a5f6bff7b,1,1,0.0,3
63d13e2a6dd3ec4a5f6bff7b,1,1,0.0,4
63d13e2a6dd3ec4a5f6bff7b,1,1,0.0,5
63d13e2a6dd3ec4a5f6bff7b,1,1,0.0,6
63d13e2a6dd3ec4a5f6bff7b,1,1,0.0,7
63d13e2a6dd3ec4a5f6bff7b,1,1,0.0,8
63d13e2a6dd3ec4a5f6bff7b,1,1,0.0,9
63d13e2a6dd3ec4a5f6bff7b,1,1,0.0,10
63d13e2a6dd3ec4a5f6bff7b,1,1,0.0,11
63d13e2a6dd3ec4a5f6bff7b,1,1,0.0,12
63d3f98237a95683bfa381e3,1,1,1.0,1
63d3f98237a95683bfa381e3,1,1,1.0,2
63d3f98237a95683bfa381e3,1,1,1.0,3
63d3f98237a95683bfa381e3,1,1,1.0,4
63d3f98237a95683bfa381e3,1,1,1.0,5
63d3f98237a95683bfa381e3,1,1,1.0,6
63d3f98237a95683bfa381e3,1,1,1.0,7
63d3f98237a95683bfa381e3,1,1,0.0,8
63d3f98237a95683bfa381e3,1,1,0.0,9
63d3f98237a95683bfa381e3,1,1,0.0,10
63d3f98237a95683bfa381e3,1,1,0.0,11
63d3f98237a95683bfa381e3,1,1,0.0,12
63d3f9d0ab6c170778b0d3d1,1,1,999.0,1
63d3f9d0ab6c170778b0d3d1,1,1,0.0,2
63d3f9d0ab6c170778b0d3d1,1,1,0.0,3
63d3f9d0ab6c170778b0d3d1,1,1,1.0,4
63d3f9d0ab6c170778b0d3d1,1,1,0.0,5
63d3f9d0ab6c170778b0d3d1,1,1,0.0,6
63d3f9d0ab6c170778b0d3d1,1,1,0.0,7
63d3f9d0ab6c170778b0d3d1,1,1,0.0,8
63d3f9d0ab6c170778b0d3d1,1,1,0.0,9
63d3f9d0ab6c170778b0d3d1,1,1,0.0,10
63d3f9d0ab6c170778b0d3d1,1,1,0.0,11
63d3f9d0ab6c170778b0d3d1,1,1,0.0,12
63d4019999c9ab839156014c,1,-1,999.0,1
63d4019999c9ab839156014c,1,1,1.0,2
63d4019999c9ab839156014c,1,1,1.0,3
63d4019999c9ab839156014c,1,1,1.0,4
63d4019999c9ab839156014c,1,1,1.0,5
63d4019999c9ab839156014c,1,1,1.0,6
63d4019999c9ab839156014c,1,1,1.0,7
63d4019999c9ab839156014c,1,1,1.0,8
63d4019999c9ab839156014c,1,1,1.0,9
63d4019999c9ab839156014c,1,1,1.0,10
63d4019999c9ab839156014c,1,1,1.0,11
63d4019999c9ab839156014c,1,1,1.0,12
63d40481d12fc9cc4c1adab0,1,1,0.0,1
63d40481d12fc9cc4c1adab0,1,1,0.0,2
63d40481d12fc9cc4c1adab0,1,1,0.0,3
63d40481d12fc9cc4c1adab0,1,1,0.0,4
63d40481d12fc9cc4c1adab0,1,-1,0.0,5
63d40481d12fc9cc4c1adab0,1,-1,0.0,6
63d40481d12fc9cc4c1adab0,1,1,999.0,7
63d40481d12fc9cc4c1adab0,1,1,0.0,8
63d40481d12fc9cc4c1adab0,1,1,0.0,9
63d40481d12fc9cc4c1adab0,1,-1,0.0,10
63d40481d12fc9cc4c1adab0,1,1,0.0,11
63d40481d12fc9cc4c1adab0,1,1,0.0,12
63d5bb0d1cc3800ad1e343dc,1,1,0.0,1
63d5bb0d1cc3800ad1e343dc,1,1,0.0,2
63d5bb0d1cc3800ad1e343dc,1,1,0.0,3
63d5bb0d1cc3800ad1e343dc,1,1,0.0,4
63d5bb0d1cc3800ad1e343dc,1,-1,0.0,5
63d5bb0d1cc3800ad1e343dc,1,-1,0.0,6
63d5bb0d1cc3800ad1e343dc,1,1,0.0,7
63d5bb0d1cc3800ad1e343dc,1,1,0.0,8
63d5bb0d1cc3800ad1e343dc,1,1,0.0,9
63d5bb0d1cc3800ad1e343dc,1,1,0.0,10
63d5bb0d1cc3800ad1e343dc,1,-1,0.0,11
63d5bb0d1cc3800ad1e343dc,1,1,0.0,12
63d5e3bf4a739d1158b9ce64,1,1,0.0,1
63d5e3bf4a739d1158b9ce64,1,1,0.0,2
63d5e3bf4a739d1158b9ce64,1,1,0.0,3
63d5e3bf4a739d1158b9ce64,1,1,1.0,4
63d5e3bf4a739d1158b9ce64,1,1,0.0,5
63d5e3bf4a739d1158b9ce64,1,1,0.0,6
63d5e3bf4a739d1158b9ce64,1,1,0.0,7
63d5e3bf4a739d1158b9ce64,1,1,0.0,8
63d5e3bf4a739d1158b9ce64,1,1,0.0,9
63d5e3bf4a739d1158b9ce64,1,1,0.0,10
63d5e3bf4a739d1158b9ce64,1,-1,0.0,11
63d5e3bf4a739d1158b9ce64,1,1,0.0,12
63d7c5cbacd85e95302f3a62,1,1,1.0,1
63d7c5cbacd85e95302f3a62,1,1,1.0,2
63d7c5cbacd85e95302f3a62,1,1,1.0,3
63d7c5cbacd85e95302f3a62,1,-1,1.0,4
63d7c5cbacd85e95302f3a62,1,1,1.0,5
63d7c5cbacd85e95302f3a62,1,1,1.0,6
63d7c5cbacd85e95302f3a62,1,1,1.0,7
63d7c5cbacd85e95302f3a62,1,-1,1.0,8
63d7c5cbacd85e95302f3a62,1,1,1.0,9
63d7c5cbacd85e95302f3a62,1,1,1.0,10
63d7c5cbacd85e95302f3a62,1,1,1.0,11
63d7c5cbacd85e95302f3a62,1,1,1.0,12
63d7ec164d40c184be89bf34,1,1,999.0,1
63d7ec164d40c184be89bf34,1,1,0.0,2
63d7ec164d40c184be89bf34,1,1,0.0,3
63d7ec164d40c184be89bf34,1,1,0.0,4
63d7ec164d40c184be89bf34,1,-1,0.0,5
63d7ec164d40c184be89bf34,1,1,0.0,6
63d7ec164d40c184be89bf34,1,-1,0.0,7
63d7ec164d40c184be89bf34,1,1,0.0,8
63d7ec164d40c184be89bf34,1,1,0.0,9
63d7ec164d40c184be89bf34,1,-1,0.0,10
63d7ec164d40c184be89bf34,1,1,0.0,11
63d7ec164d40c184be89bf34,1,1,0.0,12
63d7f2b15b4a5938642f3a7b,1,1,0.0,1
63d7f2b15b4a5938642f3a7b,1,1,0.0,2
63d7f2b15b4a5938642f3a7b,1,1,0.0,3
63d7f2b15b4a5938642f3a7b,1,1,0.0,4
63d7f2b15b4a5938642f3a7b,1,1,0.0,5
63d7f2b15b4a5938642f3a7b,1,1,0.0,6
63d7f2b15b4a5938642f3a7b,1,-1,0.0,7
63d7f2b15b4a5938642f3a7b,1,1,0.0,8
63d7f2b15b4a5938642f3a7b,1,1,0.0,9
63d7f2b15b4a5938642f3a7b,1,1,0.0,10
63d7f2b15b4a5938642f3a7b,1,1,0.0,11
63d7f2b15b4a5938642f3a7b,1,1,0.0,12
63ddc6baab6a2130b8a41bf7,1,1,999.0,1
63ddc6baab6a2130b8a41bf7,1,1,0.0,2
63ddc6baab6a2130b8a41bf7,1,1,0.0,3
63ddc6baab6a2130b8a41bf7,1,1,0.0,4
63ddc6baab6a2130b8a41bf7,1,-1,0.0,5
63ddc6baab6a2130b8a41bf7,1,1,0.0,6
63ddc6baab6a2130b8a41bf7,1,1,0.0,7
63ddc6baab6a2130b8a41bf7,1,1,0.0,8
63ddc6baab6a2130b8a41bf7,1,1,0.0,9
63ddc6baab6a2130b8a41bf7,1,1,0.0,10
63ddc6baab6a2130b8a41bf7,1,1,0.0,11
63ddc6baab6a2130b8a41bf7,1,1,0.0,12
63e51e528df11f83a1aacab8,1,1,0.0,1
63e51e528df11f83a1aacab8,1,1,1.0,2
63e51e528df11f83a1aacab8,1,1,1.0,3
63e51e528df11f83a1aacab8,1,1,0.0,4
63e51e528df11f83a1aacab8,1,1,1.0,5
63e51e528df11f83a1aacab8,1,1,1.0,6
63e51e528df11f83a1aacab8,1,1,1.0,7
63e51e528df11f83a1aacab8,1,1,0.0,8
63e51e528df11f83a1aacab8,1,1,1.0,9
63e51e528df11f83a1aacab8,1,1,1.0,10
63e51e528df11f83a1aacab8,1,1,999.0,11
63e51e528df11f83a1aacab8,1,1,999.0,12
63e52399159a69bf0ea848c6,1,1,999.0,1
63e52399159a69bf0ea848c6,1,1,0.0,2
63e52399159a69bf0ea848c6,1,1,0.0,3
63e52399159a69bf0ea848c6,1,1,0.0,4
63e52399159a69bf0ea848c6,1,1,1.0,5
63e52399159a69bf0ea848c6,1,-1,0.0,6
63e52399159a69bf0ea848c6,1,1,0.0,7
63e52399159a69bf0ea848c6,1,1,0.0,8
63e52399159a69bf0ea848c6,1,1,0.0,9
63e52399159a69bf0ea848c6,1,-1,0.0,10
63e52399159a69bf0ea848c6,1,1,0.0,11
63e52399159a69bf0ea848c6,1,1,0.0,12
63ea4ab1ce4168cbe9f63775,1,-1,999.0,1
63ea4ab1ce4168cbe9f63775,1,1,1.0,2
63ea4ab1ce4168cbe9f63775,1,1,1.0,3
63ea4ab1ce4168cbe9f63775,1,1,0.0,4
63ea4ab1ce4168cbe9f63775,1,1,0.0,5
63ea4ab1ce4168cbe9f63775,1,1,0.0,6
63ea4ab1ce4168cbe9f63775,1,1,0.0,7
63ea4ab1ce4168cbe9f63775,1,1,0.0,8
63ea4ab1ce4168cbe9f63775,1,1,0.0,9
63ea4ab1ce4168cbe9f63775,1,-1,0.0,10
63ea4ab1ce4168cbe9f63775,1,-1,0.0,11
63ea4ab1ce4168cbe9f63775,1,1,0.0,12
63eac31811a6da58d4f32d76,1,1,0.0,1
63eac31811a6da58d4f32d76,1,1,0.0,2
63eac31811a6da58d4f32d76,1,1,0.0,3
63eac31811a6da58d4f32d76,1,-1,0.0,4
63eac31811a6da58d4f32d76,1,1,999.0,5
63eac31811a6da58d4f32d76,1,1,0.0,6
63eac31811a6da58d4f32d76,1,1,0.0,7
63eac31811a6da58d4f32d76,1,1,0.0,8
63eac31811a6da58d4f32d76,1,1,0.0,9
63eac31811a6da58d4f32d76,1,1,0.0,10
63eac31811a6da58d4f32d76,1,1,0.0,11
63eac31811a6da58d4f32d76,1,-1,0.0,12
63fac97f0d4e8f6bfd753d90,1,1,0.0,1
63fac97f0d4e8f6bfd753d90,1,1,0.0,2
63fac97f0d4e8f6bfd753d90,1,-1,0.0,3
63fac97f0d4e8f6bfd753d90,1,1,0.0,4
63fac97f0d4e8f6bfd753d90,1,1,0.0,5
63fac97f0d4e8f6bfd753d90,1,1,0.0,6
63fac97f0d4e8f6bfd753d90,1,1,0.0,7
63fac97f0d4e8f6bfd753d90,1,1,0.0,8
63fac97f0d4e8f6bfd753d90,1,1,0.0,9
63fac97f0d4e8f6bfd753d90,1,1,0.0,10
63fac97f0d4e8f6bfd753d90,1,-1,0.0,11
63fac97f0d4e8f6bfd753d90,1,1,0.0,12
6400d8ca785ee04d9b02ae9c,1,-1,1.0,1
6400d8ca785ee04d9b02ae9c,1,1,0.0,2
6400d8ca785ee04d9b02ae9c,1,1,0.0,3
6400d8ca785ee04d9b02ae9c,1,1,1.0,4
6400d8ca785ee04d9b02ae9c,1,1,0.0,5
6400d8ca785ee04d9b02ae9c,1,1,1.0,6
6400d8ca785ee04d9b02ae9c,1,1,1.0,7
6400d8ca785ee04d9b02ae9c,1,1,0.0,8
6400d8ca785ee04d9b02ae9c,1,1,0.0,9
6400d8ca785ee04d9b02ae9c,1,-1,1.0,10
6400d8ca785ee04d9b02ae9c,1,1,1.0,11
6400d8ca785ee04d9b02ae9c,1,1,999.0,12
64023a98627b1116180dff0b,1,1,1.0,1
64023a98627b1116180dff0b,1,-1,1.0,2
64023a98627b1116180dff0b,1,1,1.0,3
64023a98627b1116180dff0b,1,1,1.0,4
64023a98627b1116180dff0b,1,1,1.0,5
64023a98627b1116180dff0b,1,1,1.0,6
64023a98627b1116180dff0b,1,1,1.0,7
64023a98627b1116180dff0b,1,1,1.0,8
64023a98627b1116180dff0b,1,1,0.0,9
64023a98627b1116180dff0b,1,1,0.0,10
64023a98627b1116180dff0b,1,1,0.0,11
64023a98627b1116180dff0b,1,1,0.0,12
641361334c91a0c6ff4c5b79,1,1,999.0,1
641361334c91a0c6ff4c5b79,1,1,1.0,2
641361334c91a0c6ff4c5b79,1,1,1.0,3
641361334c91a0c6ff4c5b79,1,1,1.0,4
641361334c91a0c6ff4c5b79,1,1,1.0,5
641361334c91a0c6ff4c5b79,1,1,1.0,6
641361334c91a0c6ff4c5b79,1,1,1.0,7
641361334c91a0c6ff4c5b79,1,1,1.0,8
641361334c91a0c6ff4c5b79,1,1,1.0,9
641361334c91a0c6ff4c5b79,1,1,1.0,10
641361334c91a0c6ff4c5b79,1,1,1.0,11
641361334c91a0c6ff4c5b79,1,1,1.0,12
641a3df3c874807a1a8734bc,1,1,1.0,1
641a3df3c874807a1a8734bc,1,1,0.0,2
641a3df3c874807a1a8734bc,1,1,0.0,3
641a3df3c874807a1a8734bc,1,-1,0.0,4
641a3df3c874807a1a8734bc,1,1,0.0,5
641a3df3c874807a1a8734bc,1,1,0.0,6
641a3df3c874807a1a8734bc,1,1,0.0,7
641a3df3c874807a1a8734bc,1,1,0.0,8
641a3df3c874807a1a8734bc,1,-1,0.0,9
641a3df3c874807a1a8734bc,1,1,0.0,10
641a3df3c874807a1a8734bc,1,1,1.0,11
641a3df3c874807a1a8734bc,1,1,0.0,12
568d286ab5a2c2000cb6a91c,-1,1,999.0,1
568d286ab5a2c2000cb6a91c,-1,-1,1.0,2
568d286ab5a2c2000cb6a91c,-1,-1,1.0,3
568d286ab5a2c2000cb6a91c,-1,1,1.0,4
568d286ab5a2c2000cb6a91c,-1,-1,1.0,5
568d286ab5a2c2000cb6a91c,-1,-1,1.0,6
568d286ab5a2c2000cb6a91c,-1,-1,1.0,7
568d286ab5a2c2000cb6a91c,-1,1,1.0,8
568d286ab5a2c2000cb6a91c,-1,-1,1.0,9
568d286ab5a2c2000cb6a91c,-1,-1,1.0,10
568d286ab5a2c2000cb6a91c,-1,-1,1.0,11
568d286ab5a2c2000cb6a91c,-1,-1,1.0,12
595727bd7c76640001aa8f6e,-1,-1,0.0,1
595727bd7c76640001aa8f6e,-1,-1,0.0,2
595727bd7c76640001aa8f6e,-1,-1,1.0,3
595727bd7c76640001aa8f6e,-1,-1,0.0,4
595727bd7c76640001aa8f6e,-1,1,1.0,5
595727bd7c76640001aa8f6e,-1,1,0.0,6
595727bd7c76640001aa8f6e,-1,-1,0.0,7
595727bd7c76640001aa8f6e,-1,1,0.0,8
595727bd7c76640001aa8f6e,-1,-1,0.0,9
595727bd7c76640001aa8f6e,-1,-1,0.0,10
595727bd7c76640001aa8f6e,-1,-1,1.0,11
595727bd7c76640001aa8f6e,-1,-1,1.0,12
5a4636c92f91ec0001dcba07,-1,-1,0.0,1
5a4636c92f91ec0001dcba07,-1,1,0.0,2
5a4636c92f91ec0001dcba07,-1,-1,0.0,3
5a4636c92f91ec0001dcba07,-1,-1,0.0,4
5a4636c92f91ec0001dcba07,-1,-1,0.0,5
5a4636c92f91ec0001dcba07,-1,-1,0.0,6
5a4636c92f91ec0001dcba07,-1,-1,0.0,7
5a4636c92f91ec0001dcba07,-1,-1,0.0,8
5a4636c92f91ec0001dcba07,-1,1,0.0,9
5a4636c92f91ec0001dcba07,-1,-1,0.0,10
5a4636c92f91ec0001dcba07,-1,-1,0.0,11
5a4636c92f91ec0001dcba07,-1,-1,0.0,12
5ad2c8334d061300011b1985,-1,1,999.0,1
5ad2c8334d061300011b1985,-1,-1,1.0,2
5ad2c8334d061300011b1985,-1,-1,1.0,3
5ad2c8334d061300011b1985,-1,-1,1.0,4
5ad2c8334d061300011b1985,-1,-1,0.0,5
5ad2c8334d061300011b1985,-1,-1,0.0,6
5ad2c8334d061300011b1985,-1,-1,0.0,7
5ad2c8334d061300011b1985,-1,1,0.0,8
5ad2c8334d061300011b1985,-1,-1,0.0,9
5ad2c8334d061300011b1985,-1,-1,0.0,10
5ad2c8334d061300011b1985,-1,-1,1.0,11
5ad2c8334d061300011b1985,-1,-1,0.0,12
5adef850eb60400001539109,-1,-1,999.0,1
5adef850eb60400001539109,-1,-1,999.0,2
5adef850eb60400001539109,-1,-1,1.0,3
5adef850eb60400001539109,-1,-1,1.0,4
5adef850eb60400001539109,-1,-1,1.0,5
5adef850eb60400001539109,-1,-1,1.0,6
5adef850eb60400001539109,-1,-1,1.0,7
5adef850eb60400001539109,-1,1,1.0,8
5adef850eb60400001539109,-1,-1,1.0,9
5adef850eb60400001539109,-1,-1,1.0,10
5adef850eb60400001539109,-1,-1,1.0,11
5adef850eb60400001539109,-1,-1,1.0,12
5aec7e89ae13140001fc0cdf,-1,-1,999.0,1
5aec7e89ae13140001fc0cdf,-1,-1,1.0,2
5aec7e89ae13140001fc0cdf,-1,-1,0.0,3
5aec7e89ae13140001fc0cdf,-1,1,1.0,4
5aec7e89ae13140001fc0cdf,-1,1,0.0,5
5aec7e89ae13140001fc0cdf,-1,-1,1.0,6
5aec7e89ae13140001fc0cdf,-1,-1,0.0,7
5aec7e89ae13140001fc0cdf,-1,-1,0.0,8
5aec7e89ae13140001fc0cdf,-1,-1,0.0,9
5aec7e89ae13140001fc0cdf,-1,1,0.0,10
5aec7e89ae13140001fc0cdf,-1,-1,0.0,11
5aec7e89ae13140001fc0cdf,-1,-1,0.0,12
5b6c312fa1fda800015fe165,-1,1,1.0,1
5b6c312fa1fda800015fe165,-1,1,1.0,2
5b6c312fa1fda800015fe165,-1,-1,1.0,3
5b6c312fa1fda800015fe165,-1,-1,1.0,4
5b6c312fa1fda800015fe165,-1,-1,1.0,5
5b6c312fa1fda800015fe165,-1,-1,1.0,6
5b6c312fa1fda800015fe165,-1,-1,1.0,7
5b6c312fa1fda800015fe165,-1,1,1.0,8
5b6c312fa1fda800015fe165,-1,-1,1.0,9
5b6c312fa1fda800015fe165,-1,-1,1.0,10
5b6c312fa1fda800015fe165,-1,-1,1.0,11
5b6c312fa1fda800015fe165,-1,-1,1.0,12
5bcc60b95c2b810001dc68e2,-1,-1,0.0,1
5bcc60b95c2b810001dc68e2,-1,1,0.0,2
5bcc60b95c2b810001dc68e2,-1,-1,0.0,3
5bcc60b95c2b810001dc68e2,-1,-1,0.0,4
5bcc60b95c2b810001dc68e2,-1,-1,0.0,5
5bcc60b95c2b810001dc68e2,-1,-1,0.0,6
5bcc60b95c2b810001dc68e2,-1,-1,0.0,7
5bcc60b95c2b810001dc68e2,-1,-1,0.0,8
5bcc60b95c2b810001dc68e2,-1,-1,0.0,9
5bcc60b95c2b810001dc68e2,-1,1,0.0,10
5bcc60b95c2b810001dc68e2,-1,-1,0.0,11
5bcc60b95c2b810001dc68e2,-1,1,999.0,12
5c1c74700036a80001193c24,-1,-1,0.0,1
5c1c74700036a80001193c24,-1,-1,1.0,2
5c1c74700036a80001193c24,-1,-1,1.0,3
5c1c74700036a80001193c24,-1,-1,1.0,4
5c1c74700036a80001193c24,-1,1,0.0,5
5c1c74700036a80001193c24,-1,-1,1.0,6
5c1c74700036a80001193c24,-1,-1,1.0,7
5c1c74700036a80001193c24,-1,-1,1.0,8
5c1c74700036a80001193c24,-1,-1,1.0,9
5c1c74700036a80001193c24,-1,1,1.0,10
5c1c74700036a80001193c24,-1,-1,1.0,11
5c1c74700036a80001193c24,-1,-1,0.0,12
5c1edaeaafeeef00011588b3,-1,-1,0.0,1
5c1edaeaafeeef00011588b3,-1,-1,1.0,2
5c1edaeaafeeef00011588b3,-1,-1,1.0,3
5c1edaeaafeeef00011588b3,-1,-1,1.0,4
5c1edaeaafeeef00011588b3,-1,1,1.0,5
5c1edaeaafeeef00011588b3,-1,-1,1.0,6
5c1edaeaafeeef00011588b3,-1,1,1.0,7
5c1edaeaafeeef00011588b3,-1,-1,1.0,8
5c1edaeaafeeef00011588b3,-1,-1,1.0,9
5c1edaeaafeeef00011588b3,-1,-1,0.0,10
5c1edaeaafeeef00011588b3,-1,-1,1.0,11
5c1edaeaafeeef00011588b3,-1,-1,1.0,12
5c3272172f0f3500010284c0,-1,-1,0.0,1
5c3272172f0f3500010284c0,-1,-1,0.0,2
5c3272172f0f3500010284c0,-1,-1,1.0,3
5c3272172f0f3500010284c0,-1,-1,1.0,4
5c3272172f0f3500010284c0,-1,1,0.0,5
5c3272172f0f3500010284c0,-1,-1,999.0,6
5c3272172f0f3500010284c0,-1,-1,0.0,7
5c3272172f0f3500010284c0,-1,-1,0.0,8
5c3272172f0f3500010284c0,-1,-1,1.0,9
5c3272172f0f3500010284c0,-1,-1,0.0,10
5c3272172f0f3500010284c0,-1,1,1.0,11
5c3272172f0f3500010284c0,-1,-1,0.0,12
5cab944b41de360017e2c3db,-1,-1,999.0,1
5cab944b41de360017e2c3db,-1,-1,1.0,2
5cab944b41de360017e2c3db,-1,-1,1.0,3
5cab944b41de360017e2c3db,-1,-1,0.0,4
5cab944b41de360017e2c3db,-1,-1,1.0,5
5cab944b41de360017e2c3db,-1,-1,0.0,6
5cab944b41de360017e2c3db,-1,-1,1.0,7
5cab944b41de360017e2c3db,-1,1,0.0,8
5cab944b41de360017e2c3db,-1,-1,1.0,9
5cab944b41de360017e2c3db,-1,1,0.0,10
5cab944b41de360017e2c3db,-1,-1,1.0,11
5cab944b41de360017e2c3db,-1,-1,1.0,12
5d55d562e04e1c0001f5e682,-1,-1,0.0,1
5d55d562e04e1c0001f5e682,-1,-1,0.0,2
5d55d562e04e1c0001f5e682,-1,1,0.0,3
5d55d562e04e1c0001f5e682,-1,1,0.0,4
5d55d562e04e1c0001f5e682,-1,-1,0.0,5
5d55d562e04e1c0001f5e682,-1,-1,0.0,6
5d55d562e04e1c0001f5e682,-1,-1,0.0,7
5d55d562e04e1c0001f5e682,-1,-1,0.0,8
5d55d562e04e1c0001f5e682,-1,1,0.0,9
5d55d562e04e1c0001f5e682,-1,-1,0.0,10
5d55d562e04e1c0001f5e682,-1,-1,0.0,11
5d55d562e04e1c0001f5e682,-1,-1,0.0,12
5dcb685070d51c8275d7bd54,-1,1,999.0,1
5dcb685070d51c8275d7bd54,-1,-1,1.0,2
5dcb685070d51c8275d7bd54,-1,-1,1.0,3
5dcb685070d51c8275d7bd54,-1,-1,1.0,4
5dcb685070d51c8275d7bd54,-1,-1,1.0,5
5dcb685070d51c8275d7bd54,-1,-1,1.0,6
5dcb685070d51c8275d7bd54,-1,-1,1.0,7
5dcb685070d51c8275d7bd54,-1,1,1.0,8
5dcb685070d51c8275d7bd54,-1,-1,1.0,9
5dcb685070d51c8275d7bd54,-1,-1,1.0,10
5dcb685070d51c8275d7bd54,-1,-1,1.0,11
5dcb685070d51c8275d7bd54,-1,-1,1.0,12
5dee8ee31255595293a9906b,-1,-1,0.0,1
5dee8ee31255595293a9906b,-1,1,0.0,2
5dee8ee31255595293a9906b,-1,-1,0.0,3
5dee8ee31255595293a9906b,-1,-1,0.0,4
5dee8ee31255595293a9906b,-1,-1,0.0,5
5dee8ee31255595293a9906b,-1,-1,0.0,6
5dee8ee31255595293a9906b,-1,-1,0.0,7
5dee8ee31255595293a9906b,-1,-1,0.0,8
5dee8ee31255595293a9906b,-1,-1,0.0,9
5dee8ee31255595293a9906b,-1,-1,0.0,10
5dee8ee31255595293a9906b,-1,-1,0.0,11
5dee8ee31255595293a9906b,-1,-1,0.0,12
5ec75df0d799ae1c11a8115c,-1,-1,0.0,1
5ec75df0d799ae1c11a8115c,-1,-1,0.0,2
5ec75df0d799ae1c11a8115c,-1,1,0.0,3
5ec75df0d799ae1c11a8115c,-1,-1,0.0,4
5ec75df0d799ae1c11a8115c,-1,-1,0.0,5
5ec75df0d799ae1c11a8115c,-1,-1,0.0,6
5ec75df0d799ae1c11a8115c,-1,-1,0.0,7
5ec75df0d799ae1c11a8115c,-1,-1,0.0,8
5ec75df0d799ae1c11a8115c,-1,-1,0.0,9
5ec75df0d799ae1c11a8115c,-1,-1,0.0,10
5ec75df0d799ae1c11a8115c,-1,-1,0.0,11
5ec75df0d799ae1c11a8115c,-1,1,0.0,12
5eefc651cb94ad4c4d017b86,-1,1,999.0,1
5eefc651cb94ad4c4d017b86,-1,-1,0.0,2
5eefc651cb94ad4c4d017b86,-1,-1,1.0,3
5eefc651cb94ad4c4d017b86,-1,-1,1.0,4
5eefc651cb94ad4c4d017b86,-1,-1,1.0,5
5eefc651cb94ad4c4d017b86,-1,-1,0.0,6
5eefc651cb94ad4c4d017b86,-1,-1,1.0,7
5eefc651cb94ad4c4d017b86,-1,-1,1.0,8
5eefc651cb94ad4c4d017b86,-1,1,0.0,9
5eefc651cb94ad4c4d017b86,-1,-1,1.0,10
5eefc651cb94ad4c4d017b86,-1,-1,1.0,11
5eefc651cb94ad4c4d017b86,-1,-1,1.0,12
5f16f559325a640008bb9a07,-1,-1,1.0,1
5f16f559325a640008bb9a07,-1,-1,1.0,2
5f16f559325a640008bb9a07,-1,1,1.0,3
5f16f559325a640008bb9a07,-1,-1,1.0,4
5f16f559325a640008bb9a07,-1,-1,1.0,5
5f16f559325a640008bb9a07,-1,1,1.0,6
5f16f559325a640008bb9a07,-1,-1,1.0,7
5f16f559325a640008bb9a07,-1,-1,1.0,8
5f16f559325a640008bb9a07,-1,-1,1.0,9
5f16f559325a640008bb9a07,-1,-1,1.0,10
5f16f559325a640008bb9a07,-1,-1,1.0,11
5f16f559325a640008bb9a07,-1,-1,1.0,12
5f32bc368853aa03df112fc6,-1,-1,1.0,1
5f32bc368853aa03df112fc6,-1,-1,1.0,2
5f32bc368853aa03df112fc6,-1,-1,0.0,3
5f32bc368853aa03df112fc6,-1,-1,0.0,4
5f32bc368853aa03df112fc6,-1,-1,1.0,5
5f32bc368853aa03df112fc6,-1,-1,1.0,6
5f32bc368853aa03df112fc6,-1,-1,1.0,7
5f32bc368853aa03df112fc6,-1,-1,1.0,8
5f32bc368853aa03df112fc6,-1,-1,0.0,9
5f32bc368853aa03df112fc6,-1,-1,0.0,10
5f32bc368853aa03df112fc6,-1,-1,0.0,11
5f32bc368853aa03df112fc6,-1,-1,1.0,12
5f985596be2ea910b23827ed,-1,-1,0.0,1
5f985596be2ea910b23827ed,-1,-1,0.0,2
5f985596be2ea910b23827ed,-1,-1,0.0,3
5f985596be2ea910b23827ed,-1,-1,0.0,4
5f985596be2ea910b23827ed,-1,-1,999.0,5
5f985596be2ea910b23827ed,-1,-1,0.0,6
5f985596be2ea910b23827ed,-1,-1,0.0,7
5f985596be2ea910b23827ed,-1,-1,0.0,8
5f985596be2ea910b23827ed,-1,-1,0.0,9
5f985596be2ea910b23827ed,-1,-1,0.0,10
5f985596be2ea910b23827ed,-1,-1,0.0,11
5f985596be2ea910b23827ed,-1,1,0.0,12
5f9873550513db147c9d2958,-1,-1,999.0,1
5f9873550513db147c9d2958,-1,-1,1.0,2
5f9873550513db147c9d2958,-1,-1,0.0,3
5f9873550513db147c9d2958,-1,-1,1.0,4
5f9873550513db147c9d2958,-1,-1,1.0,5
5f9873550513db147c9d2958,-1,-1,0.0,6
5f9873550513db147c9d2958,-1,-1,1.0,7
5f9873550513db147c9d2958,-1,-1,1.0,8
5f9873550513db147c9d2958,-1,-1,0.0,9
5f9873550513db147c9d2958,-1,1,0.0,10
5f9873550513db147c9d2958,-1,-1,0.0,11
5f9873550513db147c9d2958,-1,-1,0.0,12
5fd18d125e1f92195b1717bc,-1,-1,1.0,1
5fd18d125e1f92195b1717bc,-1,-1,1.0,2
5fd18d125e1f92195b1717bc,-1,-1,0.0,3
5fd18d125e1f92195b1717bc,-1,-1,1.0,4
5fd18d125e1f92195b1717bc,-1,-1,0.0,5
5fd18d125e1f92195b1717bc,-1,-1,1.0,6
5fd18d125e1f92195b1717bc,-1,1,0.0,7
5fd18d125e1f92195b1717bc,-1,-1,0.0,8
5fd18d125e1f92195b1717bc,-1,-1,0.0,9
5fd18d125e1f92195b1717bc,-1,-1,0.0,10
5fd18d125e1f92195b1717bc,-1,-1,0.0,11
5fd18d125e1f92195b1717bc,-1,-1,0.0,12
5ff27bb4ad8fba794c1b96fa,-1,-1,999.0,1
5ff27bb4ad8fba794c1b96fa,-1,-1,0.0,2
5ff27bb4ad8fba794c1b96fa,-1,-1,0.0,3
5ff27bb4ad8fba794c1b96fa,-1,1,0.0,4
5ff27bb4ad8fba794c1b96fa,-1,-1,0.0,5
5ff27bb4ad8fba794c1b96fa,-1,-1,0.0,6
5ff27bb4ad8fba794c1b96fa,-1,-1,0.0,7
5ff27bb4ad8fba794c1b96fa,-1,-1,0.0,8
5ff27bb4ad8fba794c1b96fa,-1,-1,0.0,9
5ff27bb4ad8fba794c1b96fa,-1,-1,0.0,10
5ff27bb4ad8fba794c1b96fa,-1,-1,0.0,11
5ff27bb4ad8fba794c1b96fa,-1,1,0.0,12
6056bcf1cee7a41435889255,-1,1,999.0,1
6056bcf1cee7a41435889255,-1,1,1.0,2
6056bcf1cee7a41435889255,-1,-1,1.0,3
6056bcf1cee7a41435889255,-1,-1,0.0,4
6056bcf1cee7a41435889255,-1,-1,0.0,5
6056bcf1cee7a41435889255,-1,-1,0.0,6
6056bcf1cee7a41435889255,-1,-1,0.0,7
6056bcf1cee7a41435889255,-1,-1,0.0,8
6056bcf1cee7a41435889255,-1,-1,0.0,9
6056bcf1cee7a41435889255,-1,-1,0.0,10
6056bcf1cee7a41435889255,-1,-1,0.0,11
6056bcf1cee7a41435889255,-1,-1,0.0,12
605b5b5feff0e95f2cd60834,-1,-1,999.0,1
605b5b5feff0e95f2cd60834,-1,-1,1.0,2
605b5b5feff0e95f2cd60834,-1,-1,1.0,3
605b5b5feff0e95f2cd60834,-1,-1,0.0,4
605b5b5feff0e95f2cd60834,-1,-1,1.0,5
605b5b5feff0e95f2cd60834,-1,1,1.0,6
605b5b5feff0e95f2cd60834,-1,-1,0.0,7
605b5b5feff0e95f2cd60834,-1,-1,0.0,8
605b5b5feff0e95f2cd60834,-1,1,0.0,9
605b5b5feff0e95f2cd60834,-1,-1,0.0,10
605b5b5feff0e95f2cd60834,-1,-1,0.0,11
605b5b5feff0e95f2cd60834,-1,-1,0.0,12
608209b96e955ba5201eff25,-1,-1,1.0,1
608209b96e955ba5201eff25,-1,1,1.0,2
608209b96e955ba5201eff25,-1,-1,1.0,3
608209b96e955ba5201eff25,-1,-1,1.0,4
608209b96e955ba5201eff25,-1,-1,1.0,5
608209b96e955ba5201eff25,-1,1,1.0,6
608209b96e955ba5201eff25,-1,-1,1.0,7
608209b96e955ba5201eff25,-1,-1,1.0,8
608209b96e955ba5201eff25,-1,-1,1.0,9
608209b96e955ba5201eff25,-1,-1,1.0,10
608209b96e955ba5201eff25,-1,-1,1.0,11
608209b96e955ba5201eff25,-1,-1,1.0,12
60bff9298f56d55c8ecd9adf,-1,-1,999.0,1
60bff9298f56d55c8ecd9adf,-1,-1,1.0,2
60bff9298f56d55c8ecd9adf,-1,-1,1.0,3
60bff9298f56d55c8ecd9adf,-1,-1,1.0,4
60bff9298f56d55c8ecd9adf,-1,-1,1.0,5
60bff9298f56d55c8ecd9adf,-1,1,0.0,6
60bff9298f56d55c8ecd9adf,-1,-1,1.0,7
60bff9298f56d55c8ecd9adf,-1,-1,1.0,8
60bff9298f56d55c8ecd9adf,-1,-1,0.0,9
60bff9298f56d55c8ecd9adf,-1,-1,0.0,10
60bff9298f56d55c8ecd9adf,-1,-1,1.0,11
60bff9298f56d55c8ecd9adf,-1,-1,0.0,12
60d2b326161a622cd363268a,-1,-1,0.0,1
60d2b326161a622cd363268a,-1,-1,1.0,2
60d2b326161a622cd363268a,-1,-1,0.0,3
60d2b326161a622cd363268a,-1,-1,1.0,4
60d2b326161a622cd363268a,-1,1,0.0,5
60d2b326161a622cd363268a,-1,-1,0.0,6
60d2b326161a622cd363268a,-1,-1,1.0,7
60d2b326161a622cd363268a,-1,-1,0.0,8
60d2b326161a622cd363268a,-1,-1,0.0,9
60d2b326161a622cd363268a,-1,-1,0.0,10
60d2b326161a622cd363268a,-1,-1,1.0,11
60d2b326161a622cd363268a,-1,-1,0.0,12
60dbf4d94a3b5564b68881e8,-1,-1,0.0,1
60dbf4d94a3b5564b68881e8,-1,-1,0.0,2
60dbf4d94a3b5564b68881e8,-1,-1,0.0,3
60dbf4d94a3b5564b68881e8,-1,1,0.0,4
60dbf4d94a3b5564b68881e8,-1,-1,0.0,5
60dbf4d94a3b5564b68881e8,-1,-1,0.0,6
60dbf4d94a3b5564b68881e8,-1,-1,0.0,7
60dbf4d94a3b5564b68881e8,-1,-1,0.0,8
60dbf4d94a3b5564b68881e8,-1,-1,0.0,9
60dbf4d94a3b5564b68881e8,-1,-1,0.0,10
60dbf4d94a3b5564b68881e8,-1,-1,0.0,11
60dbf4d94a3b5564b68881e8,-1,-1,0.0,12
60ea57c074a703877f04330b,-1,-1,1.0,1
60ea57c074a703877f04330b,-1,-1,1.0,2
60ea57c074a703877f04330b,-1,-1,1.0,3
60ea57c074a703877f04330b,-1,-1,1.0,4
60ea57c074a703877f04330b,-1,1,1.0,5
60ea57c074a703877f04330b,-1,-1,1.0,6
60ea57c074a703877f04330b,-1,-1,1.0,7
60ea57c074a703877f04330b,-1,-1,1.0,8
60ea57c074a703877f04330b,-1,1,1.0,9
60ea57c074a703877f04330b,-1,-1,1.0,10
60ea57c074a703877f04330b,-1,-1,1.0,11
60ea57c074a703877f04330b,-1,-1,1.0,12
60ef2700e476748689a999f7,-1,-1,1.0,1
60ef2700e476748689a999f7,-1,-1,1.0,2
60ef2700e476748689a999f7,-1,1,1.0,3
60ef2700e476748689a999f7,-1,-1,1.0,4
60ef2700e476748689a999f7,-1,-1,1.0,5
60ef2700e476748689a999f7,-1,-1,1.0,6
60ef2700e476748689a999f7,-1,-1,1.0,7
60ef2700e476748689a999f7,-1,-1,1.0,8
60ef2700e476748689a999f7,-1,-1,1.0,9
60ef2700e476748689a999f7,-1,-1,999.0,10
60ef2700e476748689a999f7,-1,1,999.0,11
60ef2700e476748689a999f7,-1,1,0.0,12
60f4e3ab507bbb123f866e88,-1,-1,0.0,1
60f4e3ab507bbb123f866e88,-1,1,0.0,2
60f4e3ab507bbb123f866e88,-1,-1,0.0,3
60f4e3ab507bbb123f866e88,-1,1,0.0,4
60f4e3ab507bbb123f866e88,-1,-1,0.0,5
60f4e3ab507bbb123f866e88,-1,-1,0.0,6
60f4e3ab507bbb123f866e88,-1,1,0.0,7
60f4e3ab507bbb123f866e88,-1,-1,0.0,8
60f4e3ab507bbb123f866e88,-1,-1,0.0,9
60f4e3ab507bbb123f866e88,-1,-1,0.0,10
60f4e3ab507bbb123f866e88,-1,-1,0.0,11
60f4e3ab507bbb123f866e88,-1,-1,0.0,12
60fcebba7345a976efc9c080,-1,-1,999.0,1
60fcebba7345a976efc9c080,-1,-1,1.0,2
60fcebba7345a976efc9c080,-1,-1,0.0,3
60fcebba7345a976efc9c080,-1,1,0.0,4
60fcebba7345a976efc9c080,-1,-1,1.0,5
60fcebba7345a976efc9c080,-1,-1,0.0,6
60fcebba7345a976efc9c080,-1,1,1.0,7
60fcebba7345a976efc9c080,-1,-1,0.0,8
60fcebba7345a976efc9c080,-1,-1,0.0,9
60fcebba7345a976efc9c080,-1,-1,0.0,10
60fcebba7345a976efc9c080,-1,-1,0.0,11
60fcebba7345a976efc9c080,-1,-1,0.0,12
60fd56db5fe37ebeca00bc83,-1,-1,1.0,1
60fd56db5fe37ebeca00bc83,-1,1,1.0,2
60fd56db5fe37ebeca00bc83,-1,-1,1.0,3
60fd56db5fe37ebeca00bc83,-1,-1,1.0,4
60fd56db5fe37ebeca00bc83,-1,-1,1.0,5
60fd56db5fe37ebeca00bc83,-1,1,1.0,6
60fd56db5fe37ebeca00bc83,-1,-1,1.0,7
60fd56db5fe37ebeca00bc83,-1,-1,1.0,8
60fd56db5fe37ebeca00bc83,-1,-1,1.0,9
60fd56db5fe37ebeca00bc83,-1,-1,1.0,10
60fd56db5fe37ebeca00bc83,-1,1,1.0,11
60fd56db5fe37ebeca00bc83,-1,-1,1.0,12
60fd5a99c4e4ead0c9a6fff4,-1,-1,1.0,1
60fd5a99c4e4ead0c9a6fff4,-1,-1,1.0,2
60fd5a99c4e4ead0c9a6fff4,-1,1,1.0,3
60fd5a99c4e4ead0c9a6fff4,-1,-1,1.0,4
60fd5a99c4e4ead0c9a6fff4,-1,-1,1.0,5
60fd5a99c4e4ead0c9a6fff4,-1,-1,1.0,6
60fd5a99c4e4ead0c9a6fff4,-1,-1,1.0,7
60fd5a99c4e4ead0c9a6fff4,-1,-1,1.0,8
60fd5a99c4e4ead0c9a6fff4,-1,-1,1.0,9
60fd5a99c4e4ead0c9a6fff4,-1,-1,1.0,10
60fd5a99c4e4ead0c9a6fff4,-1,1,1.0,11
60fd5a99c4e4ead0c9a6fff4,-1,-1,1.0,12
60fd80b85dd6b22f66d16822,-1,1,1.0,1
60fd80b85dd6b22f66d16822,-1,-1,0.0,2
60fd80b85dd6b22f66d16822,-1,-1,0.0,3
60fd80b85dd6b22f66d16822,-1,-1,0.0,4
60fd80b85dd6b22f66d16822,-1,-1,0.0,5
60fd80b85dd6b22f66d16822,-1,-1,0.0,6
60fd80b85dd6b22f66d16822,-1,-1,0.0,7
60fd80b85dd6b22f66d16822,-1,-1,999.0,8
60fd80b85dd6b22f66d16822,-1,-1,0.0,9
60fd80b85dd6b22f66d16822,-1,-1,0.0,10
60fd80b85dd6b22f66d16822,-1,-1,0.0,11
60fd80b85dd6b22f66d16822,-1,-1,0.0,12
60fd89617258b322c92fdd03,-1,-1,1.0,1
60fd89617258b322c92fdd03,-1,-1,1.0,2
60fd89617258b322c92fdd03,-1,-1,1.0,3
60fd89617258b322c92fdd03,-1,-1,1.0,4
60fd89617258b322c92fdd03,-1,-1,1.0,5
60fd89617258b322c92fdd03,-1,-1,1.0,6
60fd89617258b322c92fdd03,-1,-1,1.0,7
60fd89617258b322c92fdd03,-1,-1,1.0,8
60fd89617258b322c92fdd03,-1,-1,1.0,9
60fd89617258b322c92fdd03,-1,-1,1.0,10
60fd89617258b322c92fdd03,-1,-1,1.0,11
60fd89617258b322c92fdd03,-1,1,1.0,12
60fdb9ec6c3006abe82e5182,-1,1,0.0,1
60fdb9ec6c3006abe82e5182,-1,-1,0.0,2
60fdb9ec6c3006abe82e5182,-1,-1,0.0,3
60fdb9ec6c3006abe82e5182,-1,-1,0.0,4
60fdb9ec6c3006abe82e5182,-1,-1,0.0,5
60fdb9ec6c3006abe82e5182,-1,-1,0.0,6
60fdb9ec6c3006abe82e5182,-1,-1,0.0,7
60fdb9ec6c3006abe82e5182,-1,-1,0.0,8
60fdb9ec6c3006abe82e5182,-1,-1,0.0,9
60fdb9ec6c3006abe82e5182,-1,-1,0.0,10
60fdb9ec6c3006abe82e5182,-1,-1,0.0,11
60fdb9ec6c3006abe82e5182,-1,1,999.0,12
60fec21e36a05990cfa8a715,-1,-1,999.0,1
60fec21e36a05990cfa8a715,-1,1,0.0,2
60fec21e36a05990cfa8a715,-1,-1,0.0,3
60fec21e36a05990cfa8a715,-1,-1,0.0,4
60fec21e36a05990cfa8a715,-1,-1,0.0,5
60fec21e36a05990cfa8a715,-1,-1,0.0,6
60fec21e36a05990cfa8a715,-1,-1,0.0,7
60fec21e36a05990cfa8a715,-1,-1,0.0,8
60fec21e36a05990cfa8a715,-1,-1,0.0,9
60fec21e36a05990cfa8a715,-1,-1,0.0,10
60fec21e36a05990cfa8a715,-1,-1,0.0,11
60fec21e36a05990cfa8a715,-1,-1,0.0,12
60ff33eea57872b7188f12e2,-1,-1,0.0,1
60ff33eea57872b7188f12e2,-1,-1,0.0,2
60ff33eea57872b7188f12e2,-1,-1,0.0,3
60ff33eea57872b7188f12e2,-1,-1,0.0,4
60ff33eea57872b7188f12e2,-1,-1,0.0,5
60ff33eea57872b7188f12e2,-1,1,0.0,6
60ff33eea57872b7188f12e2,-1,-1,0.0,7
60ff33eea57872b7188f12e2,-1,-1,0.0,8
60ff33eea57872b7188f12e2,-1,-1,0.0,9
60ff33eea57872b7188f12e2,-1,-1,0.0,10
60ff33eea57872b7188f12e2,-1,-1,0.0,11
60ff33eea57872b7188f12e2,-1,-1,0.0,12
60ff830d7a7cce48e1787ba2,-1,-1,999.0,1
60ff830d7a7cce48e1787ba2,-1,-1,0.0,2
60ff830d7a7cce48e1787ba2,-1,1,1.0,3
60ff830d7a7cce48e1787ba2,-1,-1,1.0,4
60ff830d7a7cce48e1787ba2,-1,1,1.0,5
60ff830d7a7cce48e1787ba2,-1,-1,1.0,6
60ff830d7a7cce48e1787ba2,-1,-1,1.0,7
60ff830d7a7cce48e1787ba2,-1,-1,1.0,8
60ff830d7a7cce48e1787ba2,-1,1,1.0,9
60ff830d7a7cce48e1787ba2,-1,-1,1.0,10
60ff830d7a7cce48e1787ba2,-1,-1,0.0,11
60ff830d7a7cce48e1787ba2,-1,-1,0.0,12
610024bfd6e1038ba3b1601d,-1,-1,1.0,1
610024bfd6e1038ba3b1601d,-1,-1,1.0,2
610024bfd6e1038ba3b1601d,-1,-1,1.0,3
610024bfd6e1038ba3b1601d,-1,1,1.0,4
610024bfd6e1038ba3b1601d,-1,-1,1.0,5
610024bfd6e1038ba3b1601d,-1,-1,1.0,6
610024bfd6e1038ba3b1601d,-1,1,1.0,7
610024bfd6e1038ba3b1601d,-1,-1,1.0,8
610024bfd6e1038ba3b1601d,-1,1,1.0,9
610024bfd6e1038ba3b1601d,-1,-1,1.0,10
610024bfd6e1038ba3b1601d,-1,-1,1.0,11
610024bfd6e1038ba3b1601d,-1,-1,1.0,12
6100652c5329da76a962cdb3,-1,-1,1.0,1
6100652c5329da76a962cdb3,-1,-1,1.0,2
6100652c5329da76a962cdb3,-1,-1,1.0,3
6100652c5329da76a962cdb3,-1,-1,1.0,4
6100652c5329da76a962cdb3,-1,-1,1.0,5
6100652c5329da76a962cdb3,-1,-1,1.0,6
6100652c5329da76a962cdb3,-1,-1,0.0,7
6100652c5329da76a962cdb3,-1,-1,0.0,8
6100652c5329da76a962cdb3,-1,-1,1.0,9
6100652c5329da76a962cdb3,-1,-1,0.0,10
6100652c5329da76a962cdb3,-1,-1,1.0,11
6100652c5329da76a962cdb3,-1,-1,0.0,12
61006614d4c56450afce3a6b,-1,-1,1.0,1
61006614d4c56450afce3a6b,-1,-1,1.0,2
61006614d4c56450afce3a6b,-1,-1,1.0,3
61006614d4c56450afce3a6b,-1,-1,1.0,4
61006614d4c56450afce3a6b,-1,-1,999.0,5
61006614d4c56450afce3a6b,-1,-1,0.0,6
61006614d4c56450afce3a6b,-1,-1,999.0,7
61006614d4c56450afce3a6b,-1,-1,999.0,8
61006614d4c56450afce3a6b,-1,-1,0.0,9
61006614d4c56450afce3a6b,-1,-1,0.0,10
61006614d4c56450afce3a6b,-1,-1,1.0,11
61006614d4c56450afce3a6b,-1,-1,1.0,12
61006f43a84b82fb439d7cba,-1,-1,999.0,1
61006f43a84b82fb439d7cba,-1,-1,0.0,2
61006f43a84b82fb439d7cba,-1,-1,1.0,3
61006f43a84b82fb439d7cba,-1,-1,0.0,4
61006f43a84b82fb439d7cba,-1,-1,1.0,5
61006f43a84b82fb439d7cba,-1,-1,1.0,6
61006f43a84b82fb439d7cba,-1,-1,1.0,7
61006f43a84b82fb439d7cba,-1,-1,0.0,8
61006f43a84b82fb439d7cba,-1,-1,1.0,9
61006f43a84b82fb439d7cba,-1,-1,1.0,10
61006f43a84b82fb439d7cba,-1,-1,1.0,11
61006f43a84b82fb439d7cba,-1,-1,1.0,12
610247cdbc9b348fd6601cb3,-1,-1,1.0,1
610247cdbc9b348fd6601cb3,-1,1,1.0,2
610247cdbc9b348fd6601cb3,-1,-1,1.0,3
610247cdbc9b348fd6601cb3,-1,-1,1.0,4
610247cdbc9b348fd6601cb3,-1,-1,1.0,5
610247cdbc9b348fd6601cb3,-1,-1,1.0,6
610247cdbc9b348fd6601cb3,-1,1,0.0,7
610247cdbc9b348fd6601cb3,-1,-1,1.0,8
610247cdbc9b348fd6601cb3,-1,-1,0.0,9
610247cdbc9b348fd6601cb3,-1,-1,1.0,10
610247cdbc9b348fd6601cb3,-1,-1,1.0,11
610247cdbc9b348fd6601cb3,-1,-1,0.0,12
610367ad785ce86ceb8d201c,-1,-1,0.0,1
610367ad785ce86ceb8d201c,-1,-1,0.0,2
610367ad785ce86ceb8d201c,-1,-1,0.0,3
610367ad785ce86ceb8d201c,-1,-1,0.0,4
610367ad785ce86ceb8d201c,-1,-1,0.0,5
610367ad785ce86ceb8d201c,-1,-1,999.0,6
610367ad785ce86ceb8d201c,-1,1,0.0,7
610367ad785ce86ceb8d201c,-1,-1,0.0,8
610367ad785ce86ceb8d201c,-1,-1,0.0,9
610367ad785ce86ceb8d201c,-1,-1,0.0,10
610367ad785ce86ceb8d201c,-1,-1,0.0,11
610367ad785ce86ceb8d201c,-1,-1,0.0,12
6107f902de5549cbdf72cbe1,-1,-1,0.0,1
6107f902de5549cbdf72cbe1,-1,-1,0.0,2
6107f902de5549cbdf72cbe1,-1,-1,1.0,3
6107f902de5549cbdf72cbe1,-1,1,0.0,4
6107f902de5549cbdf72cbe1,-1,1,1.0,5
6107f902de5549cbdf72cbe1,-1,-1,0.0,6
6107f902de5549cbdf72cbe1,-1,1,1.0,7
6107f902de5549cbdf72cbe1,-1,1,0.0,8
6107f902de5549cbdf72cbe1,-1,-1,1.0,9
6107f902de5549cbdf72cbe1,-1,-1,0.0,10
6107f902de5549cbdf72cbe1,-1,-1,999.0,11
6107f902de5549cbdf72cbe1,-1,-1,0.0,12
61084dbab48ab21fce452554,-1,1,0.0,1
61084dbab48ab21fce452554,-1,-1,0.0,2
61084dbab48ab21fce452554,-1,1,0.0,3
61084dbab48ab21fce452554,-1,-1,0.0,4
61084dbab48ab21fce452554,-1,-1,0.0,5
61084dbab48ab21fce452554,-1,-1,0.0,6
61084dbab48ab21fce452554,-1,1,0.0,7
61084dbab48ab21fce452554,-1,-1,0.0,8
61084dbab48ab21fce452554,-1,-1,0.0,9
61084dbab48ab21fce452554,-1,-1,0.0,10
61084dbab48ab21fce452554,-1,-1,0.0,11
61084dbab48ab21fce452554,-1,-1,0.0,12
6112c911a83cc494df38b468,-1,-1,1.0,1
6112c911a83cc494df38b468,-1,-1,0.0,2
6112c911a83cc494df38b468,-1,-1,0.0,3
6112c911a83cc494df38b468,-1,-1,0.0,4
6112c911a83cc494df38b468,-1,-1,0.0,5
6112c911a83cc494df38b468,-1,1,0.0,6
6112c911a83cc494df38b468,-1,-1,0.0,7
6112c911a83cc494df38b468,-1,-1,0.0,8
6112c911a83cc494df38b468,-1,-1,0.0,9
6112c911a83cc494df38b468,-1,-1,0.0,10
6112c911a83cc494df38b468,-1,-1,0.0,11
6112c911a83cc494df38b468,-1,1,0.0,12
6112dccad39227e361c13866,-1,-1,0.0,1
6112dccad39227e361c13866,-1,1,1.0,2
6112dccad39227e361c13866,-1,1,1.0,3
6112dccad39227e361c13866,-1,-1,1.0,4
6112dccad39227e361c13866,-1,-1,1.0,5
6112dccad39227e361c13866,-1,-1,1.0,6
6112dccad39227e361c13866,-1,-1,0.0,7
6112dccad39227e361c13866,-1,-1,0.0,8
6112dccad39227e361c13866,-1,-1,1.0,9
6112dccad39227e361c13866,-1,-1,0.0,10
6112dccad39227e361c13866,-1,-1,0.0,11
6112dccad39227e361c13866,-1,-1,0.0,12
6116f60ae8f48f7d1244e8d3,-1,-1,0.0,1
6116f60ae8f48f7d1244e8d3,-1,1,0.0,2
6116f60ae8f48f7d1244e8d3,-1,-1,0.0,3
6116f60ae8f48f7d1244e8d3,-1,-1,0.0,4
6116f60ae8f48f7d1244e8d3,-1,-1,0.0,5
6116f60ae8f48f7d1244e8d3,-1,-1,0.0,6
6116f60ae8f48f7d1244e8d3,-1,-1,1.0,7
6116f60ae8f48f7d1244e8d3,-1,-1,0.0,8
6116f60ae8f48f7d1244e8d3,-1,-1,0.0,9
6116f60ae8f48f7d1244e8d3,-1,-1,0.0,10
6116f60ae8f48f7d1244e8d3,-1,-1,0.0,11
6116f60ae8f48f7d1244e8d3,-1,-1,0.0,12
612e6569f68929afb886fb5c,-1,-1,1.0,1
612e6569f68929afb886fb5c,-1,-1,1.0,2
612e6569f68929afb886fb5c,-1,-1,1.0,3
612e6569f68929afb886fb5c,-1,1,1.0,4
612e6569f68929afb886fb5c,-1,-1,1.0,5
612e6569f68929afb886fb5c,-1,-1,1.0,6
612e6569f68929afb886fb5c,-1,1,1.0,7
612e6569f68929afb886fb5c,-1,-1,1.0,8
612e6569f68929afb886fb5c,-1,-1,1.0,9
612e6569f68929afb886fb5c,-1,-1,1.0,10
612e6569f68929afb886fb5c,-1,-1,1.0,11
612e6569f68929afb886fb5c,-1,-1,1.0,12
61338374ecef87bfdfd1c7bb,-1,-1,0.0,1
61338374ecef87bfdfd1c7bb,-1,-1,0.0,2
61338374ecef87bfdfd1c7bb,-1,-1,0.0,3
61338374ecef87bfdfd1c7bb,-1,-1,0.0,4
61338374ecef87bfdfd1c7bb,-1,1,0.0,5
61338374ecef87bfdfd1c7bb,-1,-1,0.0,6
61338374ecef87bfdfd1c7bb,-1,-1,999.0,7
61338374ecef87bfdfd1c7bb,-1,-1,0.0,8
61338374ecef87bfdfd1c7bb,-1,-1,0.0,9
61338374ecef87bfdfd1c7bb,-1,-1,0.0,10
61338374ecef87bfdfd1c7bb,-1,-1,999.0,11
61338374ecef87bfdfd1c7bb,-1,-1,999.0,12
6154a88b71a7f4347658b0f7,-1,-1,1.0,1
6154a88b71a7f4347658b0f7,-1,-1,0.0,2
6154a88b71a7f4347658b0f7,-1,-1,1.0,3
6154a88b71a7f4347658b0f7,-1,1,1.0,4
6154a88b71a7f4347658b0f7,-1,-1,0.0,5
6154a88b71a7f4347658b0f7,-1,-1,1.0,6
6154a88b71a7f4347658b0f7,-1,-1,0.0,7
6154a88b71a7f4347658b0f7,-1,-1,1.0,8
6154a88b71a7f4347658b0f7,-1,1,0.0,9
6154a88b71a7f4347658b0f7,-1,-1,1.0,10
6154a88b71a7f4347658b0f7,-1,-1,0.0,11
6154a88b71a7f4347658b0f7,-1,-1,0.0,12
615a084387075364a7462335,-1,-1,1.0,1
615a084387075364a7462335,-1,-1,1.0,2
615a084387075364a7462335,-1,-1,0.0,3
615a084387075364a7462335,-1,-1,0.0,4
615a084387075364a7462335,-1,-1,0.0,5
615a084387075364a7462335,-1,-1,0.0,6
615a084387075364a7462335,-1,-1,0.0,7
615a084387075364a7462335,-1,-1,0.0,8
615a084387075364a7462335,-1,-1,0.0,9
615a084387075364a7462335,-1,-1,0.0,10
615a084387075364a7462335,-1,1,999.0,11
615a084387075364a7462335,-1,-1,0.0,12
62a1ed3d1357f3e033ae44f9,-1,-1,999.0,1
62a1ed3d1357f3e033ae44f9,-1,1,1.0,2
62a1ed3d1357f3e033ae44f9,-1,-1,1.0,3
62a1ed3d1357f3e033ae44f9,-1,-1,1.0,4
62a1ed3d1357f3e033ae44f9,-1,-1,1.0,5
62a1ed3d1357f3e033ae44f9,-1,-1,1.0,6
62a1ed3d1357f3e033ae44f9,-1,1,0.0,7
62a1ed3d1357f3e033ae44f9,-1,-1,0.0,8
62a1ed3d1357f3e033ae44f9,-1,-1,0.0,9
62a1ed3d1357f3e033ae44f9,-1,-1,0.0,10
62a1ed3d1357f3e033ae44f9,-1,-1,0.0,11
62a1ed3d1357f3e033ae44f9,-1,-1,0.0,12
62a885d5b6af18b3d4579e1b,-1,1,0.0,1
62a885d5b6af18b3d4579e1b,-1,-1,0.0,2
62a885d5b6af18b3d4579e1b,-1,-1,0.0,3
62a885d5b6af18b3d4579e1b,-1,-1,0.0,4
62a885d5b6af18b3d4579e1b,-1,1,0.0,5
62a885d5b6af18b3d4579e1b,-1,-1,0.0,6
62a885d5b6af18b3d4579e1b,-1,-1,0.0,7
62a885d5b6af18b3d4579e1b,-1,-1,0.0,8
62a885d5b6af18b3d4579e1b,-1,-1,0.0,9
62a885d5b6af18b3d4579e1b,-1,-1,0.0,10
62a885d5b6af18b3d4579e1b,-1,-1,0.0,11
62a885d5b6af18b3d4579e1b,-1,-1,0.0,12
62fb84322433c8d7e890a145,-1,-1,0.0,1
62fb84322433c8d7e890a145,-1,1,0.0,2
62fb84322433c8d7e890a145,-1,-1,0.0,3
62fb84322433c8d7e890a145,-1,-1,1.0,4
62fb84322433c8d7e890a145,-1,-1,0.0,5
62fb84322433c8d7e890a145,-1,-1,0.0,6
62fb84322433c8d7e890a145,-1,-1,0.0,7
62fb84322433c8d7e890a145,-1,-1,0.0,8
62fb84322433c8d7e890a145,-1,1,999.0,9
62fb84322433c8d7e890a145,-1,-1,0.0,10
62fb84322433c8d7e890a145,-1,-1,0.0,11
62fb84322433c8d7e890a145,-1,-1,0.0,12
630386f64c5bbd56ab1c3b0f,-1,1,999.0,1
630386f64c5bbd56ab1c3b0f,-1,-1,1.0,2
630386f64c5bbd56ab1c3b0f,-1,-1,1.0,3
630386f64c5bbd56ab1c3b0f,-1,-1,1.0,4
630386f64c5bbd56ab1c3b0f,-1,-1,1.0,5
630386f64c5bbd56ab1c3b0f,-1,-1,1.0,6
630386f64c5bbd56ab1c3b0f,-1,-1,1.0,7
630386f64c5bbd56ab1c3b0f,-1,-1,1.0,8
630386f64c5bbd56ab1c3b0f,-1,1,1.0,9
630386f64c5bbd56ab1c3b0f,-1,-1,1.0,10
630386f64c5bbd56ab1c3b0f,-1,-1,1.0,11
630386f64c5bbd56ab1c3b0f,-1,-1,1.0,12
631f3abc8826b6e7e8982648,-1,-1,0.0,1
631f3abc8826b6e7e8982648,-1,-1,0.0,2
631f3abc8826b6e7e8982648,-1,-1,999.0,3
631f3abc8826b6e7e8982648,-1,-1,0.0,4
631f3abc8826b6e7e8982648,-1,-1,0.0,5
631f3abc8826b6e7e8982648,-1,-1,0.0,6
631f3abc8826b6e7e8982648,-1,-1,0.0,7
631f3abc8826b6e7e8982648,-1,-1,0.0,8
631f3abc8826b6e7e8982648,-1,-1,1.0,9
631f3abc8826b6e7e8982648,-1,-1,1.0,10
631f3abc8826b6e7e8982648,-1,-1,0.0,11
631f3abc8826b6e7e8982648,-1,-1,1.0,12
63235c5bf70d8e4f79b205cd,-1,-1,0.0,1
63235c5bf70d8e4f79b205cd,-1,-1,0.0,2
63235c5bf70d8e4f79b205cd,-1,-1,0.0,3
63235c5bf70d8e4f79b205cd,-1,-1,0.0,4
63235c5bf70d8e4f79b205cd,-1,-1,0.0,5
63235c5bf70d8e4f79b205cd,-1,1,0.0,6
63235c5bf70d8e4f79b205cd,-1,-1,0.0,7
63235c5bf70d8e4f79b205cd,-1,-1,0.0,8
63235c5bf70d8e4f79b205cd,-1,1,0.0,9
63235c5bf70d8e4f79b205cd,-1,-1,0.0,10
63235c5bf70d8e4f79b205cd,-1,-1,0.0,11
63235c5bf70d8e4f79b205cd,-1,-1,0.0,12
6346da55c3bf67b0dbf06272,-1,1,0.0,1
6346da55c3bf67b0dbf06272,-1,-1,0.0,2
6346da55c3bf67b0dbf06272,-1,-1,0.0,3
6346da55c3bf67b0dbf06272,-1,1,0.0,4
6346da55c3bf67b0dbf06272,-1,-1,0.0,5
6346da55c3bf67b0dbf06272,-1,-1,999.0,6
6346da55c3bf67b0dbf06272,-1,-1,0.0,7
6346da55c3bf67b0dbf06272,-1,-1,0.0,8
6346da55c3bf67b0dbf06272,-1,-1,0.0,9
6346da55c3bf67b0dbf06272,-1,-1,0.0,10
6346da55c3bf67b0dbf06272,-1,-1,0.0,11
6346da55c3bf67b0dbf06272,-1,-1,0.0,12
63ced670c8d001d1d5057140,-1,-1,1.0,1
63ced670c8d001d1d5057140,-1,-1,1.0,2
63ced670c8d001d1d5057140,-1,-1,1.0,3
63ced670c8d001d1d5057140,-1,-1,1.0,4
63ced670c8d001d1d5057140,-1,-1,1.0,5
63ced670c8d001d1d5057140,-1,-1,1.0,6
63ced670c8d001d1d5057140,-1,-1,999.0,7
63ced670c8d001d1d5057140,-1,-1,1.0,8
63ced670c8d001d1d5057140,-1,1,1.0,9
63ced670c8d001d1d5057140,-1,-1,999.0,10
63ced670c8d001d1d5057140,-1,-1,1.0,11
63ced670c8d001d1d5057140,-1,-1,1.0,12
63d13e2a6dd3ec4a5f6bff7b,-1,1,0.0,1
63d13e2a6dd3ec4a5f6bff7b,-1,1,0.0,2
63d13e2a6dd3ec4a5f6bff7b,-1,-1,0.0,3
63d13e2a6dd3ec4a5f6bff7b,-1,-1,0.0,4
63d13e2a6dd3ec4a5f6bff7b,-1,-1,0.0,5
63d13e2a6dd3ec4a5f6bff7b,-1,-1,0.0,6
63d13e2a6dd3ec4a5f6bff7b,-1,-1,0.0,7
63d13e2a6dd3ec4a5f6bff7b,-1,-1,0.0,8
63d13e2a6dd3ec4a5f6bff7b,-1,-1,0.0,9
63d13e2a6dd3ec4a5f6bff7b,-1,-1,0.0,10
63d13e2a6dd3ec4a5f6bff7b,-1,1,0.0,11
63d13e2a6dd3ec4a5f6bff7b,-1,-1,0.0,12
63d3f98237a95683bfa381e3,-1,-1,999.0,1
63d3f98237a95683bfa381e3,-1,-1,1.0,2
63d3f98237a95683bfa381e3,-1,-1,1.0,3
63d3f98237a95683bfa381e3,-1,1,0.0,4
63d3f98237a95683bfa381e3,-1,-1,1.0,5
63d3f98237a95683bfa381e3,-1,-1,1.0,6
63d3f98237a95683bfa381e3,-1,-1,0.0,7
63d3f98237a95683bfa381e3,-1,-1,0.0,8
63d3f98237a95683bfa381e3,-1,-1,0.0,9
63d3f98237a95683bfa381e3,-1,-1,0.0,10
63d3f98237a95683bfa381e3,-1,-1,0.0,11
63d3f98237a95683bfa381e3,-1,-1,0.0,12
63d3f9d0ab6c170778b0d3d1,-1,-1,0.0,1
63d3f9d0ab6c170778b0d3d1,-1,-1,0.0,2
63d3f9d0ab6c170778b0d3d1,-1,1,0.0,3
63d3f9d0ab6c170778b0d3d1,-1,1,0.0,4
63d3f9d0ab6c170778b0d3d1,-1,-1,0.0,5
63d3f9d0ab6c170778b0d3d1,-1,-1,0.0,6
63d3f9d0ab6c170778b0d3d1,-1,-1,0.0,7
63d3f9d0ab6c170778b0d3d1,-1,1,0.0,8
63d3f9d0ab6c170778b0d3d1,-1,-1,0.0,9
63d3f9d0ab6c170778b0d3d1,-1,1,0.0,10
63d3f9d0ab6c170778b0d3d1,-1,-1,0.0,11
63d3f9d0ab6c170778b0d3d1,-1,-1,0.0,12
63d4019999c9ab839156014c,-1,-1,1.0,1
63d4019999c9ab839156014c,-1,-1,1.0,2
63d4019999c9ab839156014c,-1,-1,1.0,3
63d4019999c9ab839156014c,-1,-1,1.0,4
63d4019999c9ab839156014c,-1,-1,1.0,5
63d4019999c9ab839156014c,-1,1,1.0,6
63d4019999c9ab839156014c,-1,-1,1.0,7
63d4019999c9ab839156014c,-1,-1,1.0,8
63d4019999c9ab839156014c,-1,-1,1.0,9
63d4019999c9ab839156014c,-1,-1,1.0,10
63d4019999c9ab839156014c,-1,-1,1.0,11
63d4019999c9ab839156014c,-1,-1,1.0,12
63d40481d12fc9cc4c1adab0,-1,-1,0.0,1
63d40481d12fc9cc4c1adab0,-1,-1,0.0,2
63d40481d12fc9cc4c1adab0,-1,-1,0.0,3
63d40481d12fc9cc4c1adab0,-1,-1,0.0,4
63d40481d12fc9cc4c1adab0,-1,-1,0.0,5
63d40481d12fc9cc4c1adab0,-1,-1,0.0,6
63d40481d12fc9cc4c1adab0,-1,-1,0.0,7
63d40481d12fc9cc4c1adab0,-1,-1,0.0,8
63d40481d12fc9cc4c1adab0,-1,-1,0.0,9
63d40481d12fc9cc4c1adab0,-1,-1,0.0,10
63d40481d12fc9cc4c1adab0,-1,1,0.0,11
63d40481d12fc9cc4c1adab0,-1,-1,0.0,12
63d5bb0d1cc3800ad1e343dc,-1,-1,1.0,1
63d5bb0d1cc3800ad1e343dc,-1,-1,1.0,2
63d5bb0d1cc3800ad1e343dc,-1,-1,999.0,3
63d5bb0d1cc3800ad1e343dc,-1,-1,0.0,4
63d5bb0d1cc3800ad1e343dc,-1,-1,0.0,5
63d5bb0d1cc3800ad1e343dc,-1,1,0.0,6
63d5bb0d1cc3800ad1e343dc,-1,-1,0.0,7
63d5bb0d1cc3800ad1e343dc,-1,-1,0.0,8
63d5bb0d1cc3800ad1e343dc,-1,-1,0.0,9
63d5bb0d1cc3800ad1e343dc,-1,-1,0.0,10
63d5bb0d1cc3800ad1e343dc,-1,1,0.0,11
63d5bb0d1cc3800ad1e343dc,-1,-1,0.0,12
63d5e3bf4a739d1158b9ce64,-1,-1,999.0,1
63d5e3bf4a739d1158b9ce64,-1,-1,0.0,2
63d5e3bf4a739d1158b9ce64,-1,-1,1.0,3
63d5e3bf4a739d1158b9ce64,-1,1,1.0,4
63d5e3bf4a739d1158b9ce64,-1,-1,0.0,5
63d5e3bf4a739d1158b9ce64,-1,-1,0.0,6
63d5e3bf4a739d1158b9ce64,-1,-1,0.0,7
63d5e3bf4a739d1158b9ce64,-1,-1,0.0,8
63d5e3bf4a739d1158b9ce64,-1,-1,1.0,9
63d5e3bf4a739d1158b9ce64,-1,-1,0.0,10
63d5e3bf4a739d1158b9ce64,-1,-1,0.0,11
63d5e3bf4a739d1158b9ce64,-1,-1,0.0,12
63d7c5cbacd85e95302f3a62,-1,-1,999.0,1
63d7c5cbacd85e95302f3a62,-1,-1,1.0,2
63d7c5cbacd85e95302f3a62,-1,-1,1.0,3
63d7c5cbacd85e95302f3a62,-1,1,1.0,4
63d7c5cbacd85e95302f3a62,-1,-1,1.0,5
63d7c5cbacd85e95302f3a62,-1,-1,1.0,6
63d7c5cbacd85e95302f3a62,-1,-1,1.0,7
63d7c5cbacd85e95302f3a62,-1,-1,1.0,8
63d7c5cbacd85e95302f3a62,-1,1,1.0,9
63d7c5cbacd85e95302f3a62,-1,-1,1.0,10
63d7c5cbacd85e95302f3a62,-1,-1,1.0,11
63d7c5cbacd85e95302f3a62,-1,1,1.0,12
63d7ec164d40c184be89bf34,-1,1,0.0,1
63d7ec164d40c184be89bf34,-1,-1,0.0,2
63d7ec164d40c184be89bf34,-1,-1,0.0,3
63d7ec164d40c184be89bf34,-1,1,0.0,4
63d7ec164d40c184be89bf34,-1,-1,0.0,5
63d7ec164d40c184be89bf34,-1,-1,0.0,6
63d7ec164d40c184be89bf34,-1,-1,0.0,7
63d7ec164d40c184be89bf34,-1,-1,0.0,8
63d7ec164d40c184be89bf34,-1,-1,0.0,9
63d7ec164d40c184be89bf34,-1,-1,0.0,10
63d7ec164d40c184be89bf34,-1,-1,0.0,11
63d7ec164d40c184be89bf34,-1,-1,0.0,12
63d7f2b15b4a5938642f3a7b,-1,-1,999.0,1
63d7f2b15b4a5938642f3a7b,-1,-1,0.0,2
63d7f2b15b4a5938642f3a7b,-1,-1,0.0,3
63d7f2b15b4a5938642f3a7b,-1,1,0.0,4
63d7f2b15b4a5938642f3a7b,-1,1,0.0,5
63d7f2b15b4a5938642f3a7b,-1,-1,0.0,6
63d7f2b15b4a5938642f3a7b,-1,-1,0.0,7
63d7f2b15b4a5938642f3a7b,-1,-1,0.0,8
63d7f2b15b4a5938642f3a7b,-1,1,0.0,9
63d7f2b15b4a5938642f3a7b,-1,-1,0.0,10
63d7f2b15b4a5938642f3a7b,-1,-1,0.0,11
63d7f2b15b4a5938642f3a7b,-1,-1,0.0,12
63ddc6baab6a2130b8a41bf7,-1,-1,0.0,1
63ddc6baab6a2130b8a41bf7,-1,-1,0.0,2
63ddc6baab6a2130b8a41bf7,-1,-1,0.0,3
63ddc6baab6a2130b8a41bf7,-1,-1,0.0,4
63ddc6baab6a2130b8a41bf7,-1,-1,0.0,5
63ddc6baab6a2130b8a41bf7,-1,1,0.0,6
63ddc6baab6a2130b8a41bf7,-1,-1,0.0,7
63ddc6baab6a2130b8a41bf7,-1,1,0.0,8
63ddc6baab6a2130b8a41bf7,-1,-1,0.0,9
63ddc6baab6a2130b8a41bf7,-1,-1,0.0,10
63ddc6baab6a2130b8a41bf7,-1,-1,0.0,11
63ddc6baab6a2130b8a41bf7,-1,-1,0.0,12
63e51e528df11f83a1aacab8,-1,1,999.0,1
63e51e528df11f83a1aacab8,-1,-1,1.0,2
63e51e528df11f83a1aacab8,-1,1,1.0,3
63e51e528df11f83a1aacab8,-1,-1,1.0,4
63e51e528df11f83a1aacab8,-1,-1,1.0,5
63e51e528df11f83a1aacab8,-1,-1,1.0,6
63e51e528df11f83a1aacab8,-1,-1,0.0,7
63e51e528df11f83a1aacab8,-1,-1,0.0,8
63e51e528df11f83a1aacab8,-1,-1,0.0,9
63e51e528df11f83a1aacab8,-1,1,999.0,10
63e51e528df11f83a1aacab8,-1,-1,0.0,11
63e51e528df11f83a1aacab8,-1,1,0.0,12
63e52399159a69bf0ea848c6,-1,1,0.0,1
63e52399159a69bf0ea848c6,-1,-1,0.0,2
63e52399159a69bf0ea848c6,-1,-1,0.0,3
63e52399159a69bf0ea848c6,-1,-1,0.0,4
63e52399159a69bf0ea848c6,-1,-1,0.0,5
63e52399159a69bf0ea848c6,-1,-1,0.0,6
63e52399159a69bf0ea848c6,-1,-1,0.0,7
63e52399159a69bf0ea848c6,-1,-1,0.0,8
63e52399159a69bf0ea848c6,-1,-1,0.0,9
63e52399159a69bf0ea848c6,-1,1,0.0,10
63e52399159a69bf0ea848c6,-1,-1,0.0,11
63e52399159a69bf0ea848c6,-1,-1,0.0,12
63ea4ab1ce4168cbe9f63775,-1,-1,0.0,1
63ea4ab1ce4168cbe9f63775,-1,1,0.0,2
63ea4ab1ce4168cbe9f63775,-1,-1,0.0,3
63ea4ab1ce4168cbe9f63775,-1,-1,0.0,4
63ea4ab1ce4168cbe9f63775,-1,-1,0.0,5
63ea4ab1ce4168cbe9f63775,-1,-1,0.0,6
63ea4ab1ce4168cbe9f63775,-1,-1,0.0,7
63ea4ab1ce4168cbe9f63775,-1,-1,0.0,8
63ea4ab1ce4168cbe9f63775,-1,-1,0.0,9
63ea4ab1ce4168cbe9f63775,-1,1,0.0,10
63ea4ab1ce4168cbe9f63775,-1,-1,0.0,11
63ea4ab1ce4168cbe9f63775,-1,-1,0.0,12
63eac31811a6da58d4f32d76,-1,-1,0.0,1
63eac31811a6da58d4f32d76,-1,1,0.0,2
63eac31811a6da58d4f32d76,-1,-1,0.0,3
63eac31811a6da58d4f32d76,-1,-1,0.0,4
63eac31811a6da58d4f32d76,-1,1,0.0,5
63eac31811a6da58d4f32d76,-1,-1,0.0,6
63eac31811a6da58d4f32d76,-1,-1,0.0,7
63eac31811a6da58d4f32d76,-1,1,0.0,8
63eac31811a6da58d4f32d76,-1,-1,0.0,9
63eac31811a6da58d4f32d76,-1,-1,0.0,10
63eac31811a6da58d4f32d76,-1,-1,0.0,11
63eac31811a6da58d4f32d76,-1,-1,0.0,12
63fac97f0d4e8f6bfd753d90,-1,-1,0.0,1
63fac97f0d4e8f6bfd753d90,-1,-1,0.0,2
63fac97f0d4e8f6bfd753d90,-1,-1,0.0,3
63fac97f0d4e8f6bfd753d90,-1,-1,0.0,4
63fac97f0d4e8f6bfd753d90,-1,1,0.0,5
63fac97f0d4e8f6bfd753d90,-1,-1,0.0,6
63fac97f0d4e8f6bfd753d90,-1,1,0.0,7
63fac97f0d4e8f6bfd753d90,-1,-1,0.0,8
63fac97f0d4e8f6bfd753d90,-1,-1,0.0,9
63fac97f0d4e8f6bfd753d90,-1,-1,0.0,10
63fac97f0d4e8f6bfd753d90,-1,-1,0.0,11
63fac97f0d4e8f6bfd753d90,-1,-1,0.0,12
6400d8ca785ee04d9b02ae9c,-1,-1,0.0,1
6400d8ca785ee04d9b02ae9c,-1,1,1.0,2
6400d8ca785ee04d9b02ae9c,-1,1,0.0,3
6400d8ca785ee04d9b02ae9c,-1,-1,1.0,4
6400d8ca785ee04d9b02ae9c,-1,-1,0.0,5
6400d8ca785ee04d9b02ae9c,-1,-1,0.0,6
6400d8ca785ee04d9b02ae9c,-1,1,1.0,7
6400d8ca785ee04d9b02ae9c,-1,-1,999.0,8
6400d8ca785ee04d9b02ae9c,-1,-1,999.0,9
6400d8ca785ee04d9b02ae9c,-1,-1,999.0,10
6400d8ca785ee04d9b02ae9c,-1,-1,0.0,11
6400d8ca785ee04d9b02ae9c,-1,-1,0.0,12
64023a98627b1116180dff0b,-1,-1,0.0,1
64023a98627b1116180dff0b,-1,-1,0.0,2
64023a98627b1116180dff0b,-1,1,0.0,3
64023a98627b1116180dff0b,-1,-1,0.0,4
64023a98627b1116180dff0b,-1,1,0.0,5
64023a98627b1116180dff0b,-1,-1,0.0,6
64023a98627b1116180dff0b,-1,1,0.0,7
64023a98627b1116180dff0b,-1,-1,0.0,8
64023a98627b1116180dff0b,-1,-1,0.0,9
64023a98627b1116180dff0b,-1,-1,0.0,10
64023a98627b1116180dff0b,-1,-1,0.0,11
64023a98627b1116180dff0b,-1,-1,0.0,12
641361334c91a0c6ff4c5b79,-1,1,1.0,1
641361334c91a0c6ff4c5b79,-1,-1,1.0,2
641361334c91a0c6ff4c5b79,-1,-1,1.0,3
641361334c91a0c6ff4c5b79,-1,-1,1.0,4
641361334c91a0c6ff4c5b79,-1,1,1.0,5
641361334c91a0c6ff4c5b79,-1,-1,1.0,6
641361334c91a0c6ff4c5b79,-1,-1,1.0,7
641361334c91a0c6ff4c5b79,-1,-1,1.0,8
641361334c91a0c6ff4c5b79,-1,1,1.0,9
641361334c91a0c6ff4c5b79,-1,-1,1.0,10
641361334c91a0c6ff4c5b79,-1,-1,1.0,11
641361334c91a0c6ff4c5b79,-1,1,1.0,12
641a3df3c874807a1a8734bc,-1,-1,999.0,1
641a3df3c874807a1a8734bc,-1,-1,0.0,2
641a3df3c874807a1a8734bc,-1,-1,1.0,3
641a3df3c874807a1a8734bc,-1,-1,1.0,4
641a3df3c874807a1a8734bc,-1,1,0.0,5
641a3df3c874807a1a8734bc,-1,-1,0.0,6
641a3df3c874807a1a8734bc,-1,-1,0.0,7
641a3df3c874807a1a8734bc,-1,-1,0.0,8
641a3df3c874807a1a8734bc,-1,-1,0.0,9
641a3df3c874807a1a8734bc,-1,1,0.0,10
641a3df3c874807a1a8734bc,-1,-1,0.0,11
641a3df3c874807a1a8734bc,-1,-1,0.0,12
568d286ab5a2c2000cb6a91c,0,1,1.0,1
568d286ab5a2c2000cb6a91c,0,1,1.0,2
568d286ab5a2c2000cb6a91c,0,-1,1.0,3
568d286ab5a2c2000cb6a91c,0,-1,1.0,4
568d286ab5a2c2000cb6a91c,0,-1,1.0,5
568d286ab5a2c2000cb6a91c,0,1,0.0,6
595727bd7c76640001aa8f6e,0,-1,999.0,1
595727bd7c76640001aa8f6e,0,-1,0.0,2
595727bd7c76640001aa8f6e,0,1,1.0,3
595727bd7c76640001aa8f6e,0,-1,1.0,4
595727bd7c76640001aa8f6e,0,-1,1.0,5
595727bd7c76640001aa8f6e,0,1,0.0,6
5a4636c92f91ec0001dcba07,0,1,0.0,1
5a4636c92f91ec0001dcba07,0,1,0.0,2
5a4636c92f91ec0001dcba07,0,-1,0.0,3
5a4636c92f91ec0001dcba07,0,1,0.0,4
5a4636c92f91ec0001dcba07,0,-1,0.0,5
5a4636c92f91ec0001dcba07,0,1,0.0,6
5ad2c8334d061300011b1985,0,1,1.0,1
5ad2c8334d061300011b1985,0,-1,0.0,2
5ad2c8334d061300011b1985,0,1,1.0,3
5ad2c8334d061300011b1985,0,-1,0.0,4
5ad2c8334d061300011b1985,0,-1,1.0,5
5ad2c8334d061300011b1985,0,1,0.0,6
5adef850eb60400001539109,0,1,1.0,1
5adef850eb60400001539109,0,-1,1.0,2
5adef850eb60400001539109,0,1,1.0,3
5adef850eb60400001539109,0,-1,1.0,4
5adef850eb60400001539109,0,1,1.0,5
5adef850eb60400001539109,0,-1,1.0,6
5aec7e89ae13140001fc0cdf,0,-1,0.0,1
5aec7e89ae13140001fc0cdf,0,1,0.0,2
5aec7e89ae13140001fc0cdf,0,-1,0.0,3
5aec7e89ae13140001fc0cdf,0,1,0.0,4
5aec7e89ae13140001fc0cdf,0,1,0.0,5
5aec7e89ae13140001fc0cdf,0,-1,0.0,6
5b6c312fa1fda800015fe165,0,1,1.0,1
5b6c312fa1fda800015fe165,0,1,1.0,2
5b6c312fa1fda800015fe165,0,1,1.0,3
5b6c312fa1fda800015fe165,0,-1,1.0,4
5b6c312fa1fda800015fe165,0,-1,1.0,5
5b6c312fa1fda800015fe165,0,-1,1.0,6
5bcc60b95c2b810001dc68e2,0,-1,999.0,1
5bcc60b95c2b810001dc68e2,0,1,0.0,2
5bcc60b95c2b810001dc68e2,0,-1,1.0,3
5bcc60b95c2b810001dc68e2,0,1,0.0,4
5bcc60b95c2b810001dc68e2,0,-1,0.0,5
5bcc60b95c2b810001dc68e2,0,1,0.0,6
5c1c74700036a80001193c24,0,1,0.0,1
5c1c74700036a80001193c24,0,1,0.0,2
5c1c74700036a80001193c24,0,1,0.0,3
5c1c74700036a80001193c24,0,1,0.0,4
5c1c74700036a80001193c24,0,-1,0.0,5
5c1c74700036a80001193c24,0,-1,1.0,6
5c1edaeaafeeef00011588b3,0,1,0.0,1
5c1edaeaafeeef00011588b3,0,-1,1.0,2
5c1edaeaafeeef00011588b3,0,-1,1.0,3
5c1edaeaafeeef00011588b3,0,-1,0.0,4
5c1edaeaafeeef00011588b3,0,-1,0.0,5
5c1edaeaafeeef00011588b3,0,1,1.0,6
5c3272172f0f3500010284c0,0,1,0.0,1
5c3272172f0f3500010284c0,0,1,1.0,2
5c3272172f0f3500010284c0,0,1,1.0,3
5c3272172f0f3500010284c0,0,1,0.0,4
5c3272172f0f3500010284c0,0,-1,1.0,5
5c3272172f0f3500010284c0,0,-1,1.0,6
5cab944b41de360017e2c3db,0,-1,0.0,1
5cab944b41de360017e2c3db,0,1,0.0,2
5cab944b41de360017e2c3db,0,-1,1.0,3
5cab944b41de360017e2c3db,0,-1,0.0,4
5cab944b41de360017e2c3db,0,1,0.0,5
5cab944b41de360017e2c3db,0,1,1.0,6
5d55d562e04e1c0001f5e682,0,1,0.0,1
5d55d562e04e1c0001f5e682,0,-1,0.0,2
5d55d562e04e1c0001f5e682,0,1,0.0,3
5d55d562e04e1c0001f5e682,0,-1,0.0,4
5d55d562e04e1c0001f5e682,0,1,0.0,5
5d55d562e04e1c0001f5e682,0,-1,0.0,6
5dcb685070d51c8275d7bd54,0,1,1.0,1
5dcb685070d51c8275d7bd54,0,1,1.0,2
5dcb685070d51c8275d7bd54,0,-1,1.0,3
5dcb685070d51c8275d7bd54,0,1,999.0,4
5dcb685070d51c8275d7bd54,0,-1,1.0,5
5dcb685070d51c8275d7bd54,0,-1,1.0,6
5dee8ee31255595293a9906b,0,-1,999.0,1
5dee8ee31255595293a9906b,0,-1,1.0,2
5dee8ee31255595293a9906b,0,-1,0.0,3
5dee8ee31255595293a9906b,0,1,0.0,4
5dee8ee31255595293a9906b,0,1,0.0,5
5dee8ee31255595293a9906b,0,-1,0.0,6
5ec75df0d799ae1c11a8115c,0,-1,0.0,1
5ec75df0d799ae1c11a8115c,0,-1,0.0,2
5ec75df0d799ae1c11a8115c,0,1,0.0,3
5ec75df0d799ae1c11a8115c,0,1,0.0,4
5ec75df0d799ae1c11a8115c,0,-1,0.0,5
5ec75df0d799ae1c11a8115c,0,1,0.0,6
5eefc651cb94ad4c4d017b86,0,1,1.0,1
5eefc651cb94ad4c4d017b86,0,1,0.0,2
5eefc651cb94ad4c4d017b86,0,-1,1.0,3
5eefc651cb94ad4c4d017b86,0,-1,999.0,4
5eefc651cb94ad4c4d017b86,0,-1,1.0,5
5eefc651cb94ad4c4d017b86,0,1,1.0,6
5f16f559325a640008bb9a07,0,-1,1.0,1
5f16f559325a640008bb9a07,0,1,1.0,2
5f16f559325a640008bb9a07,0,1,1.0,3
5f16f559325a640008bb9a07,0,-1,1.0,4
5f16f559325a640008bb9a07,0,-1,1.0,5
5f16f559325a640008bb9a07,0,-1,1.0,6
5f32bc368853aa03df112fc6,0,1,0.0,1
5f32bc368853aa03df112fc6,0,1,0.0,2
5f32bc368853aa03df112fc6,0,-1,999.0,3
5f32bc368853aa03df112fc6,0,-1,0.0,4
5f32bc368853aa03df112fc6,0,-1,0.0,5
5f32bc368853aa03df112fc6,0,1,0.0,6
5f985596be2ea910b23827ed,0,1,0.0,1
5f985596be2ea910b23827ed,0,-1,0.0,2
5f985596be2ea910b23827ed,0,1,0.0,3
5f985596be2ea910b23827ed,0,1,0.0,4
5f985596be2ea910b23827ed,0,-1,0.0,5
5f985596be2ea910b23827ed,0,1,0.0,6
5f9873550513db147c9d2958,0,-1,1.0,1
5f9873550513db147c9d2958,0,1,1.0,2
5f9873550513db147c9d2958,0,-1,0.0,3
5f9873550513db147c9d2958,0,1,1.0,4
5f9873550513db147c9d2958,0,-1,0.0,5
5f9873550513db147c9d2958,0,1,0.0,6
5fd18d125e1f92195b1717bc,0,-1,1.0,1
5fd18d125e1f92195b1717bc,0,1,0.0,2
5fd18d125e1f92195b1717bc,0,-1,0.0,3
5fd18d125e1f92195b1717bc,0,1,0.0,4
5fd18d125e1f92195b1717bc,0,1,0.0,5
5fd18d125e1f92195b1717bc,0,1,0.0,6
5ff27bb4ad8fba794c1b96fa,0,1,0.0,1
5ff27bb4ad8fba794c1b96fa,0,1,0.0,2
5ff27bb4ad8fba794c1b96fa,0,1,0.0,3
5ff27bb4ad8fba794c1b96fa,0,-1,0.0,4
5ff27bb4ad8fba794c1b96fa,0,-1,0.0,5
5ff27bb4ad8fba794c1b96fa,0,1,0.0,6
6056bcf1cee7a41435889255,0,1,0.0,1
6056bcf1cee7a41435889255,0,-1,0.0,2
6056bcf1cee7a41435889255,0,1,0.0,3
6056bcf1cee7a41435889255,0,-1,0.0,4
6056bcf1cee7a41435889255,0,-1,0.0,5
6056bcf1cee7a41435889255,0,1,0.0,6
605b5b5feff0e95f2cd60834,0,-1,0.0,1
605b5b5feff0e95f2cd60834,0,1,999.0,2
605b5b5feff0e95f2cd60834,0,1,0.0,3
605b5b5feff0e95f2cd60834,0,-1,0.0,4
605b5b5feff0e95f2cd60834,0,-1,0.0,5
605b5b5feff0e95f2cd60834,0,1,0.0,6
608209b96e955ba5201eff25,0,1,1.0,1
608209b96e955ba5201eff25,0,-1,1.0,2
608209b96e955ba5201eff25,0,1,1.0,3
608209b96e955ba5201eff25,0,1,1.0,4
608209b96e955ba5201eff25,0,-1,1.0,5
608209b96e955ba5201eff25,0,1,1.0,6
60bff9298f56d55c8ecd9adf,0,-1,1.0,1
60bff9298f56d55c8ecd9adf,0,-1,1.0,2
60bff9298f56d55c8ecd9adf,0,1,1.0,3
60bff9298f56d55c8ecd9adf,0,1,1.0,4
60bff9298f56d55c8ecd9adf,0,-1,1.0,5
60bff9298f56d55c8ecd9adf,0,1,1.0,6
60d2b326161a622cd363268a,0,1,999.0,1
60d2b326161a622cd363268a,0,-1,1.0,2
60d2b326161a622cd363268a,0,1,0.0,3
60d2b326161a622cd363268a,0,1,0.0,4
60d2b326161a622cd363268a,0,-1,1.0,5
60d2b326161a622cd363268a,0,1,0.0,6
60dbf4d94a3b5564b68881e8,0,1,0.0,1
60dbf4d94a3b5564b68881e8,0,-1,0.0,2
60dbf4d94a3b5564b68881e8,0,-1,0.0,3
60dbf4d94a3b5564b68881e8,0,1,0.0,4
60dbf4d94a3b5564b68881e8,0,1,0.0,5
60dbf4d94a3b5564b68881e8,0,-1,0.0,6
60ea57c074a703877f04330b,0,1,1.0,1
60ea57c074a703877f04330b,0,-1,0.0,2
60ea57c074a703877f04330b,0,1,0.0,3
60ea57c074a703877f04330b,0,-1,0.0,4
60ea57c074a703877f04330b,0,-1,1.0,5
60ea57c074a703877f04330b,0,1,1.0,6
60ef2700e476748689a999f7,0,1,1.0,1
60ef2700e476748689a999f7,0,-1,1.0,2
60ef2700e476748689a999f7,0,1,1.0,3
60ef2700e476748689a999f7,0,-1,1.0,4
60ef2700e476748689a999f7,0,1,1.0,5
60ef2700e476748689a999f7,0,1,1.0,6
60f4e3ab507bbb123f866e88,0,-1,0.0,1
60f4e3ab507bbb123f866e88,0,-1,0.0,2
60f4e3ab507bbb123f866e88,0,1,0.0,3
60f4e3ab507bbb123f866e88,0,-1,0.0,4
60f4e3ab507bbb123f866e88,0,1,0.0,5
60f4e3ab507bbb123f866e88,0,-1,0.0,6
60fcebba7345a976efc9c080,0,-1,0.0,1
60fcebba7345a976efc9c080,0,-1,1.0,2
60fcebba7345a976efc9c080,0,1,0.0,3
60fcebba7345a976efc9c080,0,1,0.0,4
60fcebba7345a976efc9c080,0,-1,0.0,5
60fcebba7345a976efc9c080,0,-1,0.0,6
60fd56db5fe37ebeca00bc83,0,-1,999.0,1
60fd56db5fe37ebeca00bc83,0,-1,1.0,2
60fd56db5fe37ebeca00bc83,0,-1,1.0,3
60fd56db5fe37ebeca00bc83,0,-1,1.0,4
60fd56db5fe37ebeca00bc83,0,1,1.0,5
60fd56db5fe37ebeca00bc83,0,1,1.0,6
60fd5a99c4e4ead0c9a6fff4,0,1,1.0,1
60fd5a99c4e4ead0c9a6fff4,0,-1,1.0,2
60fd5a99c4e4ead0c9a6fff4,0,-1,1.0,3
60fd5a99c4e4ead0c9a6fff4,0,-1,1.0,4
60fd5a99c4e4ead0c9a6fff4,0,1,1.0,5
60fd5a99c4e4ead0c9a6fff4,0,1,1.0,6
60fd80b85dd6b22f66d16822,0,1,0.0,1
60fd80b85dd6b22f66d16822,0,1,0.0,2
60fd80b85dd6b22f66d16822,0,-1,0.0,3
60fd80b85dd6b22f66d16822,0,-1,0.0,4
60fd80b85dd6b22f66d16822,0,-1,0.0,5
60fd80b85dd6b22f66d16822,0,1,0.0,6
60fd89617258b322c92fdd03,0,-1,0.0,1
60fd89617258b322c92fdd03,0,1,1.0,2
60fd89617258b322c92fdd03,0,-1,1.0,3
60fd89617258b322c92fdd03,0,1,1.0,4
60fd89617258b322c92fdd03,0,-1,1.0,5
60fd89617258b322c92fdd03,0,1,1.0,6
60fdb9ec6c3006abe82e5182,0,1,0.0,1
60fdb9ec6c3006abe82e5182,0,-1,0.0,2
60fdb9ec6c3006abe82e5182,0,-1,0.0,3
60fdb9ec6c3006abe82e5182,0,1,0.0,4
60fdb9ec6c3006abe82e5182,0,-1,999.0,5
60fdb9ec6c3006abe82e5182,0,1,999.0,6
60fec21e36a05990cfa8a715,0,-1,0.0,1
60fec21e36a05990cfa8a715,0,-1,0.0,2
60fec21e36a05990cfa8a715,0,-1,0.0,3
60fec21e36a05990cfa8a715,0,1,0.0,4
60fec21e36a05990cfa8a715,0,1,0.0,5
60fec21e36a05990cfa8a715,0,1,0.0,6
60ff33eea57872b7188f12e2,0,1,0.0,1
60ff33eea57872b7188f12e2,0,-1,0.0,2
60ff33eea57872b7188f12e2,0,-1,0.0,3
60ff33eea57872b7188f12e2,0,-1,0.0,4
60ff33eea57872b7188f12e2,0,-1,0.0,5
60ff33eea57872b7188f12e2,0,1,0.0,6
60ff830d7a7cce48e1787ba2,0,1,1.0,1
60ff830d7a7cce48e1787ba2,0,-1,1.0,2
60ff830d7a7cce48e1787ba2,0,-1,1.0,3
60ff830d7a7cce48e1787ba2,0,1,1.0,4
60ff830d7a7cce48e1787ba2,0,1,1.0,5
60ff830d7a7cce48e1787ba2,0,1,1.0,6
610024bfd6e1038ba3b1601d,0,1,1.0,1
610024bfd6e1038ba3b1601d,0,-1,1.0,2
610024bfd6e1038ba3b1601d,0,1,1.0,3
610024bfd6e1038ba3b1601d,0,1,1.0,4
610024bfd6e1038ba3b1601d,0,-1,1.0,5
610024bfd6e1038ba3b1601d,0,-1,1.0,6
6100652c5329da76a962cdb3,0,1,0.0,1
6100652c5329da76a962cdb3,0,-1,1.0,2
6100652c5329da76a962cdb3,0,1,0.0,3
6100652c5329da76a962cdb3,0,1,1.0,4
6100652c5329da76a962cdb3,0,-1,1.0,5
6100652c5329da76a962cdb3,0,-1,1.0,6
61006614d4c56450afce3a6b,0,-1,999.0,1
61006614d4c56450afce3a6b,0,1,1.0,2
61006614d4c56450afce3a6b,0,1,1.0,3
61006614d4c56450afce3a6b,0,1,1.0,4
61006614d4c56450afce3a6b,0,-1,1.0,5
61006614d4c56450afce3a6b,0,1,1.0,6
61006f43a84b82fb439d7cba,0,-1,1.0,1
61006f43a84b82fb439d7cba,0,1,1.0,2
61006f43a84b82fb439d7cba,0,1,1.0,3
61006f43a84b82fb439d7cba,0,-1,1.0,4
61006f43a84b82fb439d7cba,0,1,1.0,5
61006f43a84b82fb439d7cba,0,1,1.0,6
610247cdbc9b348fd6601cb3,0,-1,1.0,1
610247cdbc9b348fd6601cb3,0,1,1.0,2
610247cdbc9b348fd6601cb3,0,1,1.0,3
610247cdbc9b348fd6601cb3,0,-1,1.0,4
610247cdbc9b348fd6601cb3,0,1,1.0,5
610247cdbc9b348fd6601cb3,0,-1,1.0,6
610367ad785ce86ceb8d201c,0,1,0.0,1
610367ad785ce86ceb8d201c,0,-1,999.0,2
610367ad785ce86ceb8d201c,0,1,0.0,3
610367ad785ce86ceb8d201c,0,-1,0.0,4
610367ad785ce86ceb8d201c,0,1,0.0,5
610367ad785ce86ceb8d201c,0,-1,0.0,6
6107f902de5549cbdf72cbe1,0,1,1.0,1
6107f902de5549cbdf72cbe1,0,-1,0.0,2
6107f902de5549cbdf72cbe1,0,1,1.0,3
6107f902de5549cbdf72cbe1,0,1,0.0,4
6107f902de5549cbdf72cbe1,0,-1,0.0,5
6107f902de5549cbdf72cbe1,0,-1,0.0,6
61084dbab48ab21fce452554,0,-1,0.0,1
61084dbab48ab21fce452554,0,1,0.0,2
61084dbab48ab21fce452554,0,1,0.0,3
61084dbab48ab21fce452554,0,-1,0.0,4
61084dbab48ab21fce452554,0,-1,0.0,5
61084dbab48ab21fce452554,0,1,0.0,6
6112c911a83cc494df38b468,0,-1,0.0,1
6112c911a83cc494df38b468,0,-1,1.0,2
6112c911a83cc494df38b468,0,1,1.0,3
6112c911a83cc494df38b468,0,1,1.0,4
6112c911a83cc494df38b468,0,1,1.0,5
6112c911a83cc494df38b468,0,-1,0.0,6
6112dccad39227e361c13866,0,1,1.0,1
6112dccad39227e361c13866,0,1,1.0,2
6112dccad39227e361c13866,0,-1,1.0,3
6112dccad39227e361c13866,0,1,1.0,4
6112dccad39227e361c13866,0,-1,1.0,5
6112dccad39227e361c13866,0,1,0.0,6
6116f60ae8f48f7d1244e8d3,0,-1,0.0,1
6116f60ae8f48f7d1244e8d3,0,-1,0.0,2
6116f60ae8f48f7d1244e8d3,0,-1,0.0,3
6116f60ae8f48f7d1244e8d3,0,1,0.0,4
6116f60ae8f48f7d1244e8d3,0,-1,0.0,5
6116f60ae8f48f7d1244e8d3,0,1,0.0,6
612e6569f68929afb886fb5c,0,-1,1.0,1
612e6569f68929afb886fb5c,0,1,1.0,2
612e6569f68929afb886fb5c,0,1,1.0,3
612e6569f68929afb886fb5c,0,-1,1.0,4
612e6569f68929afb886fb5c,0,-1,1.0,5
612e6569f68929afb886fb5c,0,1,1.0,6
61338374ecef87bfdfd1c7bb,0,-1,0.0,1
61338374ecef87bfdfd1c7bb,0,-1,0.0,2
61338374ecef87bfdfd1c7bb,0,1,0.0,3
61338374ecef87bfdfd1c7bb,0,1,0.0,4
61338374ecef87bfdfd1c7bb,0,-1,0.0,5
61338374ecef87bfdfd1c7bb,0,-1,0.0,6
6154a88b71a7f4347658b0f7,0,1,0.0,1
6154a88b71a7f4347658b0f7,0,1,1.0,2
6154a88b71a7f4347658b0f7,0,1,0.0,3
6154a88b71a7f4347658b0f7,0,-1,0.0,4
6154a88b71a7f4347658b0f7,0,1,1.0,5
6154a88b71a7f4347658b0f7,0,-1,1.0,6
615a084387075364a7462335,0,1,0.0,1
615a084387075364a7462335,0,-1,0.0,2
615a084387075364a7462335,0,1,0.0,3
615a084387075364a7462335,0,1,0.0,4
615a084387075364a7462335,0,-1,0.0,5
615a084387075364a7462335,0,1,0.0,6
62a1ed3d1357f3e033ae44f9,0,-1,1.0,1
62a1ed3d1357f3e033ae44f9,0,-1,0.0,2
62a1ed3d1357f3e033ae44f9,0,1,0.0,3
62a1ed3d1357f3e033ae44f9,0,-1,0.0,4
62a1ed3d1357f3e033ae44f9,0,1,0.0,5
62a1ed3d1357f3e033ae44f9,0,1,0.0,6
62a885d5b6af18b3d4579e1b,0,1,999.0,1
62a885d5b6af18b3d4579e1b,0,1,0.0,2
62a885d5b6af18b3d4579e1b,0,-1,0.0,3
62a885d5b6af18b3d4579e1b,0,-1,0.0,4
62a885d5b6af18b3d4579e1b,0,1,0.0,5
62a885d5b6af18b3d4579e1b,0,-1,0.0,6
62fb84322433c8d7e890a145,0,1,0.0,1
62fb84322433c8d7e890a145,0,-1,0.0,2
62fb84322433c8d7e890a145,0,-1,0.0,3
62fb84322433c8d7e890a145,0,-1,0.0,4
62fb84322433c8d7e890a145,0,1,0.0,5
62fb84322433c8d7e890a145,0,1,0.0,6
630386f64c5bbd56ab1c3b0f,0,1,1.0,1
630386f64c5bbd56ab1c3b0f,0,1,1.0,2
630386f64c5bbd56ab1c3b0f,0,1,1.0,3
630386f64c5bbd56ab1c3b0f,0,-1,999.0,4
630386f64c5bbd56ab1c3b0f,0,1,1.0,5
630386f64c5bbd56ab1c3b0f,0,-1,1.0,6
631f3abc8826b6e7e8982648,0,-1,0.0,1
631f3abc8826b6e7e8982648,0,1,0.0,2
631f3abc8826b6e7e8982648,0,1,0.0,3
631f3abc8826b6e7e8982648,0,-1,0.0,4
631f3abc8826b6e7e8982648,0,-1,0.0,5
631f3abc8826b6e7e8982648,0,1,999.0,6
63235c5bf70d8e4f79b205cd,0,1,0.0,1
63235c5bf70d8e4f79b205cd,0,1,0.0,2
63235c5bf70d8e4f79b205cd,0,-1,0.0,3
63235c5bf70d8e4f79b205cd,0,-1,0.0,4
63235c5bf70d8e4f79b205cd,0,1,0.0,5
63235c5bf70d8e4f79b205cd,0,-1,0.0,6
6346da55c3bf67b0dbf06272,0,-1,0.0,1
6346da55c3bf67b0dbf06272,0,-1,999.0,2
6346da55c3bf67b0dbf06272,0,1,999.0,3
6346da55c3bf67b0dbf06272,0,-1,999.0,4
6346da55c3bf67b0dbf06272,0,1,0.0,5
6346da55c3bf67b0dbf06272,0,1,0.0,6
63ced670c8d001d1d5057140,0,-1,1.0,1
63ced670c8d001d1d5057140,0,1,1.0,2
63ced670c8d001d1d5057140,0,1,1.0,3
63ced670c8d001d1d5057140,0,1,1.0,4
63ced670c8d001d1d5057140,0,-1,1.0,5
63ced670c8d001d1d5057140,0,1,999.0,6
63d13e2a6dd3ec4a5f6bff7b,0,-1,999.0,1
63d13e2a6dd3ec4a5f6bff7b,0,1,1.0,2
63d13e2a6dd3ec4a5f6bff7b,0,1,0.0,3
63d13e2a6dd3ec4a5f6bff7b,0,-1,0.0,4
63d13e2a6dd3ec4a5f6bff7b,0,-1,0.0,5
63d13e2a6dd3ec4a5f6bff7b,0,1,0.0,6
63d3f98237a95683bfa381e3,0,-1,1.0,1
63d3f98237a95683bfa381e3,0,1,1.0,2
63d3f98237a95683bfa381e3,0,-1,1.0,3
63d3f98237a95683bfa381e3,0,-1,1.0,4
63d3f98237a95683bfa381e3,0,-1,1.0,5
63d3f98237a95683bfa381e3,0,1,1.0,6
63d3f9d0ab6c170778b0d3d1,0,1,0.0,1
63d3f9d0ab6c170778b0d3d1,0,1,1.0,2
63d3f9d0ab6c170778b0d3d1,0,-1,0.0,3
63d3f9d0ab6c170778b0d3d1,0,1,0.0,4
63d3f9d0ab6c170778b0d3d1,0,-1,0.0,5
63d3f9d0ab6c170778b0d3d1,0,-1,0.0,6
63d4019999c9ab839156014c,0,-1,999.0,1
63d4019999c9ab839156014c,0,-1,1.0,2
63d4019999c9ab839156014c,0,1,1.0,3
63d4019999c9ab839156014c,0,1,1.0,4
63d4019999c9ab839156014c,0,-1,1.0,5
63d4019999c9ab839156014c,0,1,1.0,6
63d40481d12fc9cc4c1adab0,0,1,999.0,1
63d40481d12fc9cc4c1adab0,0,-1,0.0,2
63d40481d12fc9cc4c1adab0,0,1,1.0,3
63d40481d12fc9cc4c1adab0,0,1,0.0,4
63d40481d12fc9cc4c1adab0,0,-1,0.0,5
63d40481d12fc9cc4c1adab0,0,1,0.0,6
63d5bb0d1cc3800ad1e343dc,0,1,0.0,1
63d5bb0d1cc3800ad1e343dc,0,1,0.0,2
63d5bb0d1cc3800ad1e343dc,0,-1,0.0,3
63d5bb0d1cc3800ad1e343dc,0,-1,0.0,4
63d5bb0d1cc3800ad1e343dc,0,-1,0.0,5
63d5bb0d1cc3800ad1e343dc,0,1,0.0,6
63d5e3bf4a739d1158b9ce64,0,1,0.0,1
63d5e3bf4a739d1158b9ce64,0,-1,0.0,2
63d5e3bf4a739d1158b9ce64,0,-1,0.0,3
63d5e3bf4a739d1158b9ce64,0,-1,0.0,4
63d5e3bf4a739d1158b9ce64,0,1,0.0,5
63d5e3bf4a739d1158b9ce64,0,-1,0.0,6
63d7c5cbacd85e95302f3a62,0,-1,1.0,1
63d7c5cbacd85e95302f3a62,0,-1,1.0,2
63d7c5cbacd85e95302f3a62,0,1,1.0,3
63d7c5cbacd85e95302f3a62,0,1,1.0,4
63d7c5cbacd85e95302f3a62,0,-1,1.0,5
63d7c5cbacd85e95302f3a62,0,-1,1.0,6
63d7ec164d40c184be89bf34,0,-1,0.0,1
63d7ec164d40c184be89bf34,0,-1,0.0,2
63d7ec164d40c184be89bf34,0,1,0.0,3
63d7ec164d40c184be89bf34,0,1,0.0,4
63d7ec164d40c184be89bf34,0,-1,0.0,5
63d7ec164d40c184be89bf34,0,1,0.0,6
63d7f2b15b4a5938642f3a7b,0,-1,0.0,1
63d7f2b15b4a5938642f3a7b,0,1,0.0,2
63d7f2b15b4a5938642f3a7b,0,1,0.0,3
63d7f2b15b4a5938642f3a7b,0,-1,0.0,4
63d7f2b15b4a5938642f3a7b,0,-1,0.0,5
63d7f2b15b4a5938642f3a7b,0,1,0.0,6
63ddc6baab6a2130b8a41bf7,0,1,0.0,1
63ddc6baab6a2130b8a41bf7,0,-1,0.0,2
63ddc6baab6a2130b8a41bf7,0,1,0.0,3
63ddc6baab6a2130b8a41bf7,0,1,0.0,4
63ddc6baab6a2130b8a41bf7,0,-1,0.0,5
63ddc6baab6a2130b8a41bf7,0,1,0.0,6
63e51e528df11f83a1aacab8,0,1,0.0,1
63e51e528df11f83a1aacab8,0,-1,0.0,2
63e51e528df11f83a1aacab8,0,-1,0.0,3
63e51e528df11f83a1aacab8,0,1,0.0,4
63e51e528df11f83a1aacab8,0,1,0.0,5
63e51e528df11f83a1aacab8,0,-1,999.0,6
63e52399159a69bf0ea848c6,0,-1,0.0,1
63e52399159a69bf0ea848c6,0,1,0.0,2
63e52399159a69bf0ea848c6,0,1,0.0,3
63e52399159a69bf0ea848c6,0,-1,0.0,4
63e52399159a69bf0ea848c6,0,1,0.0,5
63e52399159a69bf0ea848c6,0,-1,0.0,6
63ea4ab1ce4168cbe9f63775,0,-1,0.0,1
63ea4ab1ce4168cbe9f63775,0,1,0.0,2
63ea4ab1ce4168cbe9f63775,0,-1,0.0,3
63ea4ab1ce4168cbe9f63775,0,-1,0.0,4
63ea4ab1ce4168cbe9f63775,0,1,0.0,5
63ea4ab1ce4168cbe9f63775,0,1,0.0,6
63eac31811a6da58d4f32d76,0,1,999.0,1
63eac31811a6da58d4f32d76,0,1,1.0,2
63eac31811a6da58d4f32d76,0,1,1.0,3
63eac31811a6da58d4f32d76,0,-1,0.0,4
63eac31811a6da58d4f32d76,0,1,0.0,5
63eac31811a6da58d4f32d76,0,-1,0.0,6
63fac97f0d4e8f6bfd753d90,0,1,999.0,1
63fac97f0d4e8f6bfd753d90,0,1,999.0,2
63fac97f0d4e8f6bfd753d90,0,1,0.0,3
63fac97f0d4e8f6bfd753d90,0,-1,0.0,4
63fac97f0d4e8f6bfd753d90,0,1,0.0,5
63fac97f0d4e8f6bfd753d90,0,-1,0.0,6
6400d8ca785ee04d9b02ae9c,0,1,999.0,1
6400d8ca785ee04d9b02ae9c,0,-1,0.0,2
6400d8ca785ee04d9b02ae9c,0,-1,0.0,3
6400d8ca785ee04d9b02ae9c,0,1,0.0,4
6400d8ca785ee04d9b02ae9c,0,1,0.0,5
6400d8ca785ee04d9b02ae9c,0,1,0.0,6
64023a98627b1116180dff0b,0,-1,999.0,1
64023a98627b1116180dff0b,0,-1,999.0,2
64023a98627b1116180dff0b,0,1,0.0,3
64023a98627b1116180dff0b,0,1,1.0,4
64023a98627b1116180dff0b,0,1,1.0,5
64023a98627b1116180dff0b,0,-1,1.0,6
641361334c91a0c6ff4c5b79,0,1,1.0,1
641361334c91a0c6ff4c5b79,0,-1,1.0,2
641361334c91a0c6ff4c5b79,0,-1,1.0,3
641361334c91a0c6ff4c5b79,0,-1,1.0,4
641361334c91a0c6ff4c5b79,0,1,1.0,5
641361334c91a0c6ff4c5b79,0,1,1.0,6
641a3df3c874807a1a8734bc,0,1,0.0,1
641a3df3c874807a1a8734bc,0,1,1.0,2
641a3df3c874807a1a8734bc,0,-1,1.0,3
641a3df3c874807a1a8734bc,0,1,0.0,4
641a3df3c874807a1a8734bc,0,1,0.0,5
641a3df3c874807a1a8734bc,0,-1,1.0,6
